Date,Close,Open,High,Low,Volume,Diferenca,Diferenca_percentual,Fechamento_minima,High-Low,ticker
2020-11-13 00:00:00-03:00,20.799999237060547,21.0,21.350000381469727,20.799999237060547,470000,,,0.0,0.5500011444091797,RRRP3.SA
2020-11-16 00:00:00-03:00,21.0,21.149999618530273,21.25,20.969999313354492,175800,0.20000076293945312,0.9615421647857545,0.030000686645507812,0.2800006866455078,RRRP3.SA
2020-11-17 00:00:00-03:00,20.989999771118164,20.940000534057617,20.989999771118164,20.649999618530273,256600,-0.010000228881835938,-0.047620137532547346,0.3400001525878906,0.3400001525878906,RRRP3.SA
2020-11-18 00:00:00-03:00,20.899999618530273,20.989999771118164,21.06999969482422,20.899999618530273,96600,-0.09000015258789062,-0.4287763390628072,0.0,0.1700000762939453,RRRP3.SA
2020-11-19 00:00:00-03:00,20.899999618530273,21.0,21.040000915527344,20.81999969482422,84300,0.0,0.0,0.07999992370605469,0.220001220703125,RRRP3.SA
2020-11-23 00:00:00-03:00,21.020000457763672,20.959999084472656,21.350000381469727,20.959999084472656,77700,0.12000083923339844,0.5741667053764132,0.060001373291015625,0.3900012969970703,RRRP3.SA
2020-11-24 00:00:00-03:00,21.31999969482422,21.149999618530273,21.5,21.149999618530273,1043300,0.2999992370605469,1.4272085182079195,0.1700000762939453,0.35000038146972656,RRRP3.SA
2020-11-25 00:00:00-03:00,23.1200008392334,21.600000381469727,23.239999771118164,21.600000381469727,467200,1.8000011444091797,8.442782224083047,1.5200004577636719,1.6399993896484375,RRRP3.SA
2020-11-26 00:00:00-03:00,23.799999237060547,23.209999084472656,23.799999237060547,23.209999084472656,71400,0.6799983978271484,2.9411694340132897,0.5900001525878906,0.5900001525878906,RRRP3.SA
2020-11-27 00:00:00-03:00,24.0,24.0,24.5,23.0,70500,0.20000076293945312,0.8403393670198938,1.0,1.5,RRRP3.SA
2020-11-30 00:00:00-03:00,23.950000762939453,24.0,24.200000762939453,23.850000381469727,69500,-0.049999237060546875,-0.2083301544189453,0.10000038146972656,0.35000038146972656,RRRP3.SA
2020-12-01 00:00:00-03:00,24.0,24.059999465942383,24.100000381469727,23.959999084472656,91500,0.049999237060546875,0.2087650750221144,0.04000091552734375,0.1400012969970703,RRRP3.SA
2020-12-02 00:00:00-03:00,24.049999237060547,24.0,24.200000762939453,24.0,37600,0.049999237060546875,0.2083301544189453,0.049999237060546875,0.20000076293945312,RRRP3.SA
2020-12-03 00:00:00-03:00,24.5,25.0,26.5,24.040000915527344,477900,0.4500007629394531,1.87110510276446,0.45999908447265625,2.4599990844726562,RRRP3.SA
2020-12-04 00:00:00-03:00,25.239999771118164,24.760000228881836,26.389999389648438,24.700000762939453,801800,0.7399997711181641,3.020407229053731,0.5399990081787109,1.6899986267089844,RRRP3.SA
2020-12-07 00:00:00-03:00,26.43000030517578,25.239999771118164,26.690000534057617,24.670000076293945,73200,1.1900005340576172,4.714740668973064,1.760000228881836,2.020000457763672,RRRP3.SA
2020-12-08 00:00:00-03:00,27.399999618530273,26.600000381469727,27.649999618530273,26.600000381469727,123700,0.9699993133544922,3.6700692476516394,0.7999992370605469,1.0499992370605469,RRRP3.SA
2020-12-09 00:00:00-03:00,27.920000076293945,27.559999465942383,28.889999389648438,27.329999923706055,208300,0.5200004577636719,1.8978119160702533,0.5900001525878906,1.5599994659423828,RRRP3.SA
2020-12-10 00:00:00-03:00,28.110000610351562,28.75,28.889999389648438,27.889999389648438,100600,0.1900005340576172,0.6805176702665534,0.220001220703125,1.0,RRRP3.SA
2020-12-11 00:00:00-03:00,29.459999084472656,28.149999618530273,30.899999618530273,27.56999969482422,105800,1.3499984741210938,4.802555833541874,1.8899993896484375,3.3299999237060547,RRRP3.SA
2020-12-14 00:00:00-03:00,32.0,31.950000762939453,35.0,31.270000457763672,294200,2.5400009155273438,8.621863524992747,0.7299995422363281,3.729999542236328,RRRP3.SA
2020-12-15 00:00:00-03:00,34.34000015258789,32.0,35.349998474121094,32.0,868700,2.3400001525878906,7.312500476837158,2.3400001525878906,3.3499984741210938,RRRP3.SA
2020-12-16 00:00:00-03:00,34.0,34.97999954223633,35.84000015258789,33.400001525878906,368700,-0.3400001525878906,-0.9900994498460136,0.5999984741210938,2.4399986267089844,RRRP3.SA
2020-12-17 00:00:00-03:00,33.400001525878906,34.97999954223633,35.0,32.91999816894531,252700,-0.5999984741210938,-1.7647013944738035,0.48000335693359375,2.0800018310546875,RRRP3.SA
2020-12-18 00:00:00-03:00,34.04999923706055,34.79999923706055,34.79999923706055,32.959999084472656,346800,0.6499977111816406,1.9461008427739444,1.0900001525878906,1.8400001525878906,RRRP3.SA
2020-12-21 00:00:00-03:00,33.47999954223633,33.150001525878906,34.68000030517578,30.299999237060547,231000,-0.5699996948242188,-1.6740079518234552,3.1800003051757812,4.380001068115234,RRRP3.SA
2020-12-22 00:00:00-03:00,34.5,34.54999923706055,34.81999969482422,33.90999984741211,163900,1.0200004577636719,3.046596391009203,0.5900001525878906,0.9099998474121094,RRRP3.SA
2020-12-23 00:00:00-03:00,36.0,34.529998779296875,37.22999954223633,34.52000045776367,442200,1.5,4.347826086956516,1.4799995422363281,2.7099990844726562,RRRP3.SA
2020-12-28 00:00:00-03:00,37.66999816894531,37.0,38.13999938964844,37.0,442100,1.6699981689453125,4.63888380262587,0.6699981689453125,1.1399993896484375,RRRP3.SA
2020-12-29 00:00:00-03:00,37.54999923706055,38.0,38.560001373291016,37.400001525878906,329900,-0.11999893188476562,-0.3185530600415376,0.14999771118164062,1.1599998474121094,RRRP3.SA
2020-12-30 00:00:00-03:00,37.20000076293945,37.529998779296875,38.099998474121094,37.0,181500,-0.34999847412109375,-0.9320865012845587,0.20000076293945312,1.0999984741210938,RRRP3.SA
2021-01-04 00:00:00-03:00,36.40999984741211,38.0,38.099998474121094,36.38999938964844,324700,-0.7900009155273438,-2.123658331519124,0.020000457763671875,1.7099990844726562,RRRP3.SA
2021-01-05 00:00:00-03:00,37.59000015258789,36.880001068115234,37.790000915527344,36.0,321000,1.1800003051757812,3.2408687451825102,1.5900001525878906,1.7900009155273438,RRRP3.SA
2021-01-06 00:00:00-03:00,37.04999923706055,37.59000015258789,38.060001373291016,36.81999969482422,393100,-0.5400009155273438,-1.4365547042706481,0.22999954223632812,1.2400016784667969,RRRP3.SA
2021-01-07 00:00:00-03:00,36.5,37.13999938964844,37.630001068115234,36.290000915527344,1172200,-0.5499992370605469,-1.4844784032016634,0.20999908447265625,1.3400001525878906,RRRP3.SA
2021-01-08 00:00:00-03:00,35.5099983215332,36.58000183105469,37.20000076293945,35.5099983215332,359300,-0.9900016784667969,-2.7123333656624595,0.0,1.69000244140625,RRRP3.SA
2021-01-11 00:00:00-03:00,33.5,35.25,35.25,33.5,440400,-2.009998321533203,-5.660372899297897,0.0,1.75,RRRP3.SA
2021-01-12 00:00:00-03:00,34.029998779296875,34.4900016784668,35.0,33.9900016784668,317900,0.529998779296875,1.582085908348887,0.039997100830078125,1.0099983215332031,RRRP3.SA
2021-01-13 00:00:00-03:00,34.79999923706055,34.25,35.619998931884766,34.25,202100,0.7700004577636719,2.262710800425083,0.5499992370605469,1.3699989318847656,RRRP3.SA
2021-01-14 00:00:00-03:00,36.0,34.91999816894531,36.0,34.849998474121094,248500,1.2000007629394531,3.448278130022203,1.1500015258789062,1.1500015258789062,RRRP3.SA
2021-01-15 00:00:00-03:00,35.310001373291016,36.0,36.459999084472656,34.5,313000,-0.6899986267089844,-1.9166628519694058,0.8100013732910156,1.9599990844726562,RRRP3.SA
2021-01-18 00:00:00-03:00,35.41999816894531,35.4900016784668,35.900001525878906,34.619998931884766,115100,0.10999679565429688,0.3115173927393329,0.7999992370605469,1.2800025939941406,RRRP3.SA
2021-01-19 00:00:00-03:00,35.599998474121094,36.54999923706055,37.349998474121094,35.599998474121094,712300,0.18000030517578125,0.5081883525719633,0.0,1.75,RRRP3.SA
2021-01-20 00:00:00-03:00,35.5,36.0,36.709999084472656,35.02000045776367,351600,-0.09999847412109375,-0.28089460226742347,0.4799995422363281,1.6899986267089844,RRRP3.SA
2021-01-21 00:00:00-03:00,35.0,35.5,35.65999984741211,34.72999954223633,188200,-0.5,-1.4084507042253591,0.2700004577636719,0.9300003051757812,RRRP3.SA
2021-01-22 00:00:00-03:00,34.279998779296875,34.529998779296875,34.79999923706055,33.849998474121094,215600,-0.720001220703125,-2.0571463448660694,0.43000030517578125,0.9500007629394531,RRRP3.SA
2021-01-26 00:00:00-03:00,32.290000915527344,34.9900016784668,35.36000061035156,31.93000030517578,657900,-1.9899978637695312,-5.805128164039999,0.3600006103515625,3.4300003051757812,RRRP3.SA
2021-01-27 00:00:00-03:00,32.2599983215332,32.04999923706055,33.0099983215332,30.559999465942383,751400,-0.030002593994140625,-0.09291605185342178,1.6999988555908203,2.4499988555908203,RRRP3.SA
2021-01-28 00:00:00-03:00,33.5,32.310001373291016,34.209999084472656,32.310001373291016,160800,1.2400016784667969,3.8437747767615633,1.1899986267089844,1.8999977111816406,RRRP3.SA
2021-01-29 00:00:00-03:00,32.5,33.310001373291016,34.310001373291016,32.0,178000,-1.0,-2.985074626865668,0.5,2.3100013732910156,RRRP3.SA
2021-02-01 00:00:00-03:00,33.060001373291016,34.0,34.45000076293945,32.939998626708984,597300,0.5600013732910156,1.7230811485877382,0.12000274658203125,1.5100021362304688,RRRP3.SA
2021-02-02 00:00:00-03:00,33.95000076293945,35.0,35.0099983215332,33.2599983215332,569700,0.8899993896484375,2.6920730571035705,0.69000244140625,1.75,RRRP3.SA
2021-02-03 00:00:00-03:00,34.2599983215332,33.970001220703125,34.79999923706055,33.5,425500,0.30999755859375,0.9131002993441797,0.7599983215332031,1.2999992370605469,RRRP3.SA
2021-02-04 00:00:00-03:00,34.0,34.400001525878906,35.4900016784668,33.75,456700,-0.2599983215332031,-0.7588976481933685,0.25,1.7400016784667969,RRRP3.SA
2021-02-05 00:00:00-03:00,34.56999969482422,34.0,34.72999954223633,33.84000015258789,539200,0.5699996948242188,1.6764696906594736,0.7299995422363281,0.8899993896484375,RRRP3.SA
2021-02-08 00:00:00-03:00,36.0,34.56999969482422,36.0,34.56999969482422,443400,1.4300003051757812,4.136535486836806,1.4300003051757812,1.4300003051757812,RRRP3.SA
2021-02-09 00:00:00-03:00,35.689998626708984,36.40999984741211,37.45000076293945,35.20000076293945,486700,-0.3100013732910156,-0.8611149258083799,0.48999786376953125,2.25,RRRP3.SA
2021-02-10 00:00:00-03:00,36.2400016784668,35.81999969482422,36.7599983215332,35.61000061035156,182200,0.5500030517578125,1.5410565226141841,0.6300010681152344,1.1499977111816406,RRRP3.SA
2021-02-11 00:00:00-03:00,35.18000030517578,36.2400016784668,36.72999954223633,35.150001525878906,125500,-1.0600013732910156,-2.924948466326512,0.029998779296875,1.5799980163574219,RRRP3.SA
2021-02-12 00:00:00-03:00,35.790000915527344,35.029998779296875,35.91999816894531,33.9900016784668,213500,0.6100006103515625,1.7339414583854307,1.7999992370605469,1.9299964904785156,RRRP3.SA
2021-02-17 00:00:00-03:00,37.70000076293945,35.93000030517578,37.70000076293945,35.93000030517578,432500,1.9099998474121094,5.336685662345047,1.7700004577636719,1.7700004577636719,RRRP3.SA
2021-02-18 00:00:00-03:00,38.5,37.84000015258789,38.88999938964844,37.150001525878906,647300,0.7999992370605469,2.122013848463837,1.3499984741210938,1.7399978637695312,RRRP3.SA
2021-02-19 00:00:00-03:00,37.869998931884766,38.900001525878906,39.0,37.29999923706055,274100,-0.6300010681152344,-1.6363664106889217,0.5699996948242188,1.7000007629394531,RRRP3.SA
2021-02-22 00:00:00-03:00,39.20000076293945,36.900001525878906,39.40999984741211,35.95000076293945,580700,1.3300018310546875,3.5120197215925657,3.25,3.4599990844726562,RRRP3.SA
2021-02-23 00:00:00-03:00,38.369998931884766,39.20000076293945,39.86000061035156,37.70000076293945,371300,-0.8300018310546875,-2.117351568623917,0.6699981689453125,2.1599998474121094,RRRP3.SA
2021-02-24 00:00:00-03:00,39.459999084472656,38.40999984741211,41.0,38.060001373291016,579400,1.0900001525878906,2.840761487960634,1.3999977111816406,2.9399986267089844,RRRP3.SA
2021-02-25 00:00:00-03:00,38.0,39.70000076293945,40.47999954223633,37.810001373291016,392600,-1.4599990844726562,-3.6999470814665045,0.18999862670898438,2.6699981689453125,RRRP3.SA
2021-02-26 00:00:00-03:00,35.970001220703125,38.0099983215332,38.709999084472656,35.11000061035156,401200,-2.029998779296875,-5.34210205078125,0.8600006103515625,3.5999984741210938,RRRP3.SA
2021-03-01 00:00:00-03:00,38.90999984741211,37.290000915527344,40.880001068115234,36.709999084472656,2112300,2.9399986267089844,8.17347380298898,2.200000762939453,4.170001983642578,RRRP3.SA
2021-03-02 00:00:00-03:00,41.59000015258789,38.90999984741211,41.880001068115234,38.529998779296875,1039800,2.6800003051757812,6.887690351286466,3.0600013732910156,3.3500022888183594,RRRP3.SA
2021-03-03 00:00:00-03:00,40.599998474121094,41.400001525878906,44.369998931884766,39.599998474121094,1525200,-0.9900016784667969,-2.3803839260269797,1.0,4.770000457763672,RRRP3.SA
2021-03-04 00:00:00-03:00,41.5099983215332,41.20000076293945,42.9900016784668,40.90999984741211,483700,0.9099998474121094,2.241379018750834,0.5999984741210938,2.0800018310546875,RRRP3.SA
2021-03-05 00:00:00-03:00,44.29999923706055,42.220001220703125,44.369998931884766,42.220001220703125,700400,2.7900009155273438,6.721274459989644,2.079998016357422,2.1499977111816406,RRRP3.SA
2021-03-08 00:00:00-03:00,43.599998474121094,45.310001373291016,46.400001525878906,42.349998474121094,990900,-0.7000007629394531,-1.5801371896048408,1.25,4.0500030517578125,RRRP3.SA
2021-03-09 00:00:00-03:00,45.2599983215332,44.0,45.2599983215332,41.5,551400,1.6599998474121094,3.8073392328153517,3.759998321533203,3.759998321533203,RRRP3.SA
2021-03-10 00:00:00-03:00,46.5,45.599998474121094,46.70000076293945,45.130001068115234,416300,1.2400016784667969,2.7397298374994534,1.3699989318847656,1.5699996948242188,RRRP3.SA
2021-03-11 00:00:00-03:00,49.0,46.599998474121094,49.0,46.599998474121094,666000,2.5,5.376344086021504,2.4000015258789062,2.4000015258789062,RRRP3.SA
2021-03-12 00:00:00-03:00,47.5,49.04999923706055,50.9900016784668,47.0099983215332,934000,-1.5,-3.0612244897959187,0.4900016784667969,3.9800033569335938,RRRP3.SA
2021-03-15 00:00:00-03:00,46.31999969482422,47.5,48.599998474121094,46.0,345700,-1.1800003051757812,-2.48421116879112,0.31999969482421875,2.5999984741210938,RRRP3.SA
2021-03-16 00:00:00-03:00,44.47999954223633,46.29999923706055,47.0099983215332,44.47999954223633,549100,-1.8400001525878906,-3.972366504124764,0.0,2.529998779296875,RRRP3.SA
2021-03-17 00:00:00-03:00,45.689998626708984,44.20000076293945,45.84000015258789,42.91999816894531,627400,1.2099990844726562,2.7203217107133497,2.770000457763672,2.920001983642578,RRRP3.SA
2021-03-18 00:00:00-03:00,42.540000915527344,45.790000915527344,46.84000015258789,42.209999084472656,560300,-3.1499977111816406,-6.894282788050347,0.3300018310546875,4.630001068115234,RRRP3.SA
2021-03-19 00:00:00-03:00,44.0,43.130001068115234,45.95000076293945,43.130001068115234,625500,1.4599990844726562,3.4320617138015876,0.8699989318847656,2.8199996948242188,RRRP3.SA
2021-03-22 00:00:00-03:00,42.79999923706055,43.97999954223633,44.56999969482422,42.79999923706055,248300,-1.2000007629394531,-2.727274461226031,0.0,1.7700004577636719,RRRP3.SA
2021-03-23 00:00:00-03:00,40.95000076293945,42.5,42.599998474121094,40.95000076293945,325400,-1.8499984741210938,-4.322426418454654,0.0,1.6499977111816406,RRRP3.SA
2021-03-24 00:00:00-03:00,41.20000076293945,41.61000061035156,42.349998474121094,40.40999984741211,448400,0.25,0.6105005991263681,0.7900009155273438,1.9399986267089844,RRRP3.SA
2021-03-25 00:00:00-03:00,40.599998474121094,40.709999084472656,41.97999954223633,40.099998474121094,408500,-0.6000022888183594,-1.4563162080280279,0.5,1.8800010681152344,RRRP3.SA
2021-03-26 00:00:00-03:00,39.400001525878906,41.56999969482422,42.599998474121094,39.08000183105469,822000,-1.1999969482421875,-2.9556576190688304,0.31999969482421875,3.5199966430664062,RRRP3.SA
2021-03-29 00:00:00-03:00,38.849998474121094,39.43000030517578,40.4900016784668,38.40999984741211,572000,-0.5500030517578125,-1.3959467778105505,0.4399986267089844,2.0800018310546875,RRRP3.SA
2021-03-30 00:00:00-03:00,39.29999923706055,38.86000061035156,40.599998474121094,37.75,926200,0.4500007629394531,1.1583031676029805,1.5499992370605469,2.8499984741210938,RRRP3.SA
2021-03-31 00:00:00-03:00,38.20000076293945,39.0,39.599998474121094,37.70000076293945,2760600,-1.0999984741210938,-2.7989783599888085,0.5,1.8999977111816406,RRRP3.SA
2021-04-01 00:00:00-03:00,37.869998931884766,38.5099983215332,38.720001220703125,37.18000030517578,1816800,-0.3300018310546875,-0.863879121633019,0.6899986267089844,1.5400009155273438,RRRP3.SA
2021-04-05 00:00:00-03:00,37.119998931884766,38.5099983215332,38.5099983215332,36.5099983215332,1068400,-0.75,-1.9804595224546802,0.6100006103515625,2.0,RRRP3.SA
2021-04-06 00:00:00-03:00,38.400001525878906,37.29999923706055,38.83000183105469,36.7400016784668,1603900,1.2800025939941406,3.4482829494228895,1.6599998474121094,2.0900001525878906,RRRP3.SA
2021-04-07 00:00:00-03:00,39.849998474121094,38.869998931884766,40.34000015258789,38.16999816894531,1944300,1.4499969482421875,3.7760335693346008,1.6800003051757812,2.170001983642578,RRRP3.SA
2021-04-08 00:00:00-03:00,40.369998931884766,40.310001373291016,41.0,39.099998474121094,1489700,0.5200004577636719,1.3048945487447554,1.2700004577636719,1.9000015258789062,RRRP3.SA
2021-04-09 00:00:00-03:00,39.81999969482422,40.22999954223633,40.540000915527344,38.54999923706055,1060500,-0.5499992370605469,-1.3623959663425893,1.2700004577636719,1.9900016784667969,RRRP3.SA
2021-04-12 00:00:00-03:00,40.06999969482422,39.90999984741211,40.349998474121094,39.56999969482422,707100,0.25,0.6278252182721502,0.5,0.779998779296875,RRRP3.SA
2021-04-13 00:00:00-03:00,39.959999084472656,40.290000915527344,40.290000915527344,39.77000045776367,956100,-0.1100006103515625,-0.2745211160202956,0.18999862670898438,0.5200004577636719,RRRP3.SA
2021-04-14 00:00:00-03:00,41.70000076293945,40.06999969482422,42.880001068115234,40.06999969482422,1783300,1.7400016784667969,4.354358654484841,1.6300010681152344,2.8100013732910156,RRRP3.SA
2021-04-15 00:00:00-03:00,42.0,42.29999923706055,43.189998626708984,41.099998474121094,1276200,0.2999992370605469,0.7194226176781484,0.9000015258789062,2.0900001525878906,RRRP3.SA
2021-04-16 00:00:00-03:00,41.599998474121094,42.20000076293945,42.900001525878906,41.20000076293945,918200,-0.40000152587890625,-0.9523845854259605,0.3999977111816406,1.7000007629394531,RRRP3.SA
2021-04-19 00:00:00-03:00,43.0,42.0099983215332,43.939998626708984,41.83000183105469,1754500,1.4000015258789062,3.3653884068044704,1.1699981689453125,2.109996795654297,RRRP3.SA
2021-04-20 00:00:00-03:00,43.650001525878906,43.0,44.88999938964844,43.0,1912900,0.6500015258789062,1.5116314555323385,0.6500015258789062,1.8899993896484375,RRRP3.SA
2021-04-22 00:00:00-03:00,44.08000183105469,44.29999923706055,44.5,42.70000076293945,1150600,0.43000030517578125,0.9851094848664417,1.3800010681152344,1.7999992370605469,RRRP3.SA
2021-04-23 00:00:00-03:00,45.869998931884766,44.54999923706055,46.099998474121094,44.09000015258789,1858700,1.7899971008300781,4.0607918023474525,1.779998779296875,2.009998321533203,RRRP3.SA
2021-04-26 00:00:00-03:00,45.150001525878906,45.869998931884766,47.150001525878906,45.04999923706055,1233900,-0.7199974060058594,-1.5696477496653785,0.10000228881835938,2.1000022888183594,RRRP3.SA
2021-04-27 00:00:00-03:00,45.5,45.150001525878906,46.099998474121094,44.779998779296875,1121500,0.34999847412109375,0.7751903926747019,0.720001220703125,1.3199996948242188,RRRP3.SA
2021-04-28 00:00:00-03:00,45.79999923706055,45.5,46.459999084472656,42.56999969482422,1769700,0.2999992370605469,0.6593389825506506,3.229999542236328,3.8899993896484375,RRRP3.SA
2021-04-29 00:00:00-03:00,45.72999954223633,46.15999984741211,47.41999816894531,45.11000061035156,1171800,-0.06999969482421875,-0.15283776417091133,0.6199989318847656,2.30999755859375,RRRP3.SA
2021-04-30 00:00:00-03:00,43.66999816894531,45.72999954223633,46.290000915527344,43.150001525878906,3825400,-2.0600013732910156,-4.504704556990859,0.5199966430664062,3.1399993896484375,RRRP3.SA
2021-05-03 00:00:00-03:00,42.0,43.689998626708984,43.84000015258789,41.70000076293945,1468800,-1.6699981689453125,-3.8241315295792333,0.2999992370605469,2.1399993896484375,RRRP3.SA
2021-05-04 00:00:00-03:00,41.0,42.2599983215332,42.70000076293945,40.560001373291016,1448700,-1.0,-2.3809523809523796,0.4399986267089844,2.1399993896484375,RRRP3.SA
2021-05-05 00:00:00-03:00,41.349998474121094,41.5,42.279998779296875,40.650001525878906,3572400,0.34999847412109375,0.8536548149294987,0.6999969482421875,1.6299972534179688,RRRP3.SA
2021-05-06 00:00:00-03:00,41.38999938964844,41.900001525878906,42.150001525878906,41.09000015258789,909600,0.04000091552734375,0.09673740508691253,0.2999992370605469,1.0600013732910156,RRRP3.SA
2021-05-07 00:00:00-03:00,40.400001525878906,41.2599983215332,41.61000061035156,39.029998779296875,2179500,-0.9899978637695312,-2.391876971172721,1.3700027465820312,2.5800018310546875,RRRP3.SA
2021-05-10 00:00:00-03:00,39.90999984741211,40.599998474121094,41.150001525878906,39.599998474121094,1542000,-0.4900016784667969,-1.212875395940074,0.3100013732910156,1.5500030517578125,RRRP3.SA
2021-05-11 00:00:00-03:00,39.150001525878906,39.66999816894531,39.779998779296875,38.400001525878906,1010100,-0.7599983215332031,-1.9042804420919737,0.75,1.3799972534179688,RRRP3.SA
2021-05-12 00:00:00-03:00,38.54999923706055,39.34000015258789,40.2599983215332,38.54999923706055,766200,-0.6000022888183594,-1.5325728363554418,0.0,1.7099990844726562,RRRP3.SA
2021-05-13 00:00:00-03:00,37.70000076293945,38.58000183105469,39.04999923706055,37.209999084472656,970800,-0.8499984741210938,-2.2049247495287574,0.4900016784667969,1.8400001525878906,RRRP3.SA
2021-05-14 00:00:00-03:00,38.0,38.400001525878906,39.5,37.599998474121094,1644600,0.2999992370605469,0.7957539283539177,0.40000152587890625,1.9000015258789062,RRRP3.SA
2021-05-17 00:00:00-03:00,37.900001525878906,38.0,38.630001068115234,37.380001068115234,926100,-0.09999847412109375,-0.26315387926604217,0.5200004577636719,1.25,RRRP3.SA
2021-05-18 00:00:00-03:00,36.560001373291016,38.0,38.400001525878906,35.9900016784668,2025900,-1.3400001525878906,-3.53562031303062,0.5699996948242188,2.4099998474121094,RRRP3.SA
2021-05-19 00:00:00-03:00,35.689998626708984,35.5,36.47999954223633,35.279998779296875,14067600,-0.8700027465820312,-2.3796573137374537,0.4099998474121094,1.2000007629394531,RRRP3.SA
2021-05-20 00:00:00-03:00,36.029998779296875,35.90999984741211,36.689998626708984,35.90999984741211,923300,0.3400001525878906,0.9526482646974586,0.11999893188476562,0.779998779296875,RRRP3.SA
2021-05-21 00:00:00-03:00,36.43000030517578,36.220001220703125,37.33000183105469,36.16999816894531,1222800,0.40000152587890625,1.1101902287844325,0.26000213623046875,1.160003662109375,RRRP3.SA
2021-05-24 00:00:00-03:00,38.91999816894531,36.86000061035156,39.5,36.86000061035156,1789000,2.4899978637695312,6.835020156219343,2.05999755859375,2.6399993896484375,RRRP3.SA
2021-05-25 00:00:00-03:00,38.79999923706055,39.040000915527344,40.349998474121094,38.72999954223633,1693900,-0.11999893188476562,-0.3083220388754171,0.06999969482421875,1.6199989318847656,RRRP3.SA
2021-05-26 00:00:00-03:00,39.900001525878906,39.060001373291016,40.15999984741211,39.060001373291016,1514600,1.1000022888183594,2.835057501154978,0.8400001525878906,1.0999984741210938,RRRP3.SA
2021-05-27 00:00:00-03:00,40.689998626708984,40.15999984741211,41.25,40.15999984741211,1864900,0.7899971008300781,1.9799425328785816,0.529998779296875,1.0900001525878906,RRRP3.SA
2021-05-28 00:00:00-03:00,40.900001525878906,41.099998474121094,41.61000061035156,39.209999084472656,1246800,0.21000289916992188,0.5161044636459593,1.69000244140625,2.4000015258789062,RRRP3.SA
2021-05-31 00:00:00-03:00,40.970001220703125,40.97999954223633,41.72999954223633,40.599998474121094,700200,0.06999969482421875,0.17114839171809137,0.37000274658203125,1.1300010681152344,RRRP3.SA
2021-06-01 00:00:00-03:00,41.189998626708984,42.0,42.25,41.040000915527344,1298600,0.21999740600585938,0.5369719293410498,0.14999771118164062,1.2099990844726562,RRRP3.SA
2021-06-02 00:00:00-03:00,41.400001525878906,41.439998626708984,41.95000076293945,40.63999938964844,1889500,0.21000289916992188,0.5098395391393638,0.7600021362304688,1.3100013732910156,RRRP3.SA
2021-06-04 00:00:00-03:00,41.2400016784668,41.9900016784668,42.279998779296875,40.849998474121094,1478000,-0.15999984741210938,-0.3864730471376845,0.3900032043457031,1.4300003051757812,RRRP3.SA
2021-06-07 00:00:00-03:00,40.06999969482422,40.9900016784668,41.20000076293945,39.63999938964844,1471900,-1.1700019836425781,-2.837056100929999,0.43000030517578125,1.5600013732910156,RRRP3.SA
2021-06-08 00:00:00-03:00,40.0099983215332,39.97999954223633,40.41999816894531,39.2400016784668,957300,-0.060001373291015625,-0.14974138694282146,0.7699966430664062,1.1799964904785156,RRRP3.SA
2021-06-09 00:00:00-03:00,39.54999923706055,40.040000915527344,40.220001220703125,38.79999923706055,819500,-0.45999908447265625,-1.1497103318424422,0.75,1.4200019836425781,RRRP3.SA
2021-06-10 00:00:00-03:00,39.900001525878906,39.470001220703125,40.02000045776367,39.099998474121094,579500,0.3500022888183594,0.8849615564351012,0.8000030517578125,0.9200019836425781,RRRP3.SA
2021-06-11 00:00:00-03:00,39.63999938964844,39.900001525878906,40.189998626708984,39.13999938964844,614900,-0.26000213623046875,-0.6516344017226032,0.5,1.0499992370605469,RRRP3.SA
2021-06-14 00:00:00-03:00,41.79999923706055,40.65999984741211,41.810001373291016,40.650001525878906,2272900,2.1599998474121094,5.449041071317907,1.1499977111816406,1.1599998474121094,RRRP3.SA
2021-06-15 00:00:00-03:00,44.689998626708984,42.060001373291016,46.0,42.060001373291016,4115800,2.8899993896484375,6.913874264107918,2.6299972534179688,3.9399986267089844,RRRP3.SA
2021-06-16 00:00:00-03:00,45.099998474121094,44.970001220703125,46.31999969482422,43.27000045776367,1905900,0.4099998474121094,0.9174308794162158,1.8299980163574219,3.049999237060547,RRRP3.SA
2021-06-17 00:00:00-03:00,44.20000076293945,44.689998626708984,45.779998779296875,43.29999923706055,1548100,-0.8999977111816406,-1.995560402730547,0.9000015258789062,2.479999542236328,RRRP3.SA
2021-06-18 00:00:00-03:00,45.29999923706055,44.20000076293945,45.970001220703125,43.400001525878906,1494900,1.0999984741210938,2.4886842876333475,1.8999977111816406,2.5699996948242188,RRRP3.SA
2021-06-21 00:00:00-03:00,48.86000061035156,45.5,49.150001525878906,45.290000915527344,2598300,3.5600013732910156,7.858722810702673,3.5699996948242188,3.8600006103515625,RRRP3.SA
2021-06-22 00:00:00-03:00,48.099998474121094,49.4900016784668,49.97999954223633,47.0099983215332,2300400,-0.7600021362304688,-1.5554689454290553,1.0900001525878906,2.970001220703125,RRRP3.SA
2021-06-23 00:00:00-03:00,47.709999084472656,48.849998474121094,49.150001525878906,47.650001525878906,1456700,-0.3899993896484375,-0.8108095676099936,0.05999755859375,1.5,RRRP3.SA
2021-06-24 00:00:00-03:00,46.61000061035156,47.91999816894531,48.029998779296875,46.150001525878906,1039400,-1.0999984741210938,-2.305593157051831,0.45999908447265625,1.8799972534179688,RRRP3.SA
2021-06-25 00:00:00-03:00,46.25,46.79999923706055,46.79999923706055,45.75,1318900,-0.3600006103515625,-0.772367744341139,0.5,1.0499992370605469,RRRP3.SA
2021-06-28 00:00:00-03:00,46.33000183105469,45.90999984741211,46.439998626708984,44.95000076293945,1086500,0.0800018310546875,0.17297693201012976,1.3800010681152344,1.4899978637695312,RRRP3.SA
2021-06-29 00:00:00-03:00,46.06999969482422,46.470001220703125,47.33000183105469,45.56999969482422,1260000,-0.26000213623046875,-0.561196041343976,0.5,1.7600021362304688,RRRP3.SA
2021-06-30 00:00:00-03:00,45.34000015258789,46.0,46.25,45.2599983215332,1246700,-0.7299995422363281,-1.5845442740872073,0.0800018310546875,0.9900016784667969,RRRP3.SA
2021-07-01 00:00:00-03:00,45.75,45.0,46.20000076293945,43.7599983215332,3854800,0.4099998474121094,0.904278442947259,1.9900016784667969,2.44000244140625,RRRP3.SA
2021-07-02 00:00:00-03:00,46.20000076293945,46.29999923706055,46.61000061035156,45.29999923706055,1495900,0.4500007629394531,0.983608225004275,0.9000015258789062,1.3100013732910156,RRRP3.SA
2021-07-05 00:00:00-03:00,46.86000061035156,46.79999923706055,48.08000183105469,46.220001220703125,3318100,0.6599998474121094,1.428571074703413,0.6399993896484375,1.8600006103515625,RRRP3.SA
2021-07-06 00:00:00-03:00,46.15999984741211,47.630001068115234,47.79999923706055,45.52000045776367,1529800,-0.7000007629394531,-1.4938129616345321,0.6399993896484375,2.279998779296875,RRRP3.SA
2021-07-07 00:00:00-03:00,47.0099983215332,46.29999923706055,47.5,45.58000183105469,1367400,0.8499984741210938,1.841417844304317,1.4299964904785156,1.9199981689453125,RRRP3.SA
2021-07-08 00:00:00-03:00,46.0,46.29999923706055,46.619998931884766,45.20000076293945,1405000,-1.0099983215332031,-2.148475553275162,0.7999992370605469,1.4199981689453125,RRRP3.SA
2021-07-12 00:00:00-03:00,46.529998779296875,47.599998474121094,47.599998474121094,45.86000061035156,1563400,0.529998779296875,1.1521712593410314,0.6699981689453125,1.7399978637695312,RRRP3.SA
2021-07-13 00:00:00-03:00,46.220001220703125,46.709999084472656,46.720001220703125,45.880001068115234,957800,-0.30999755859375,-0.666231606977135,0.3400001525878906,0.8400001525878906,RRRP3.SA
2021-07-14 00:00:00-03:00,45.400001525878906,46.41999816894531,46.58000183105469,45.310001373291016,742600,-0.8199996948242188,-1.7741230488261408,0.09000015258789062,1.2700004577636719,RRRP3.SA
2021-07-15 00:00:00-03:00,43.54999923706055,45.63999938964844,45.95000076293945,43.040000915527344,2678000,-1.8500022888183594,-4.074894772335682,0.5099983215332031,2.9099998474121094,RRRP3.SA
2021-07-16 00:00:00-03:00,43.38999938964844,43.29999923706055,43.599998474121094,42.08000183105469,1439500,-0.15999984741210938,-0.3673934562918504,1.30999755859375,1.5199966430664062,RRRP3.SA
2021-07-19 00:00:00-03:00,41.849998474121094,42.099998474121094,42.709999084472656,41.099998474121094,1597700,-1.5400009155273438,-3.5492070458400207,0.75,1.6100006103515625,RRRP3.SA
2021-07-20 00:00:00-03:00,42.0,41.86000061035156,42.459999084472656,40.65999984741211,3233200,0.15000152587890625,0.35842659820325196,1.3400001525878906,1.7999992370605469,RRRP3.SA
2021-07-21 00:00:00-03:00,42.09000015258789,42.0,43.06999969482422,41.849998474121094,964600,0.09000015258789062,0.21428607759021645,0.24000167846679688,1.220001220703125,RRRP3.SA
2021-07-22 00:00:00-03:00,42.540000915527344,42.7400016784668,42.810001373291016,42.02000045776367,741400,0.4500007629394531,1.0691393711287134,0.5200004577636719,0.7900009155273438,RRRP3.SA
2021-07-23 00:00:00-03:00,42.20000076293945,42.2599983215332,42.5099983215332,41.81999969482422,700100,-0.3400001525878906,-0.7992481082993805,0.3800010681152344,0.6899986267089844,RRRP3.SA
2021-07-26 00:00:00-03:00,42.400001525878906,42.099998474121094,42.5,41.54999923706055,716400,0.20000076293945312,0.47393544863415116,0.8500022888183594,0.9500007629394531,RRRP3.SA
2021-07-27 00:00:00-03:00,40.099998474121094,42.2599983215332,42.4900016784668,39.869998931884766,1510600,-2.3000030517578125,-5.424535304212199,0.22999954223632812,2.6200027465820312,RRRP3.SA
2021-07-28 00:00:00-03:00,40.04999923706055,40.150001525878906,40.720001220703125,39.529998779296875,798800,-0.049999237060546875,-0.1246863814541399,0.5200004577636719,1.19000244140625,RRRP3.SA
2021-07-29 00:00:00-03:00,39.25,40.20000076293945,40.47999954223633,39.150001525878906,1413100,-0.7999992370605469,-1.99750125418295,0.09999847412109375,1.3299980163574219,RRRP3.SA
2021-07-30 00:00:00-03:00,38.709999084472656,39.08000183105469,39.810001373291016,37.79999923706055,1143300,-0.5400009155273438,-1.3757985108976953,0.9099998474121094,2.0100021362304688,RRRP3.SA
2021-08-02 00:00:00-03:00,40.619998931884766,40.75,41.970001220703125,39.72999954223633,3279900,1.9099998474121094,4.9341252714682895,0.8899993896484375,2.240001678466797,RRRP3.SA
2021-08-03 00:00:00-03:00,40.97999954223633,40.599998474121094,41.43000030517578,39.54999923706055,746600,0.3600006103515625,0.8862644505610291,1.4300003051757812,1.8800010681152344,RRRP3.SA
2021-08-04 00:00:00-03:00,39.849998474121094,40.65999984741211,40.90999984741211,39.380001068115234,1004600,-1.1300010681152344,-2.7574452921859915,0.4699974060058594,1.529998779296875,RRRP3.SA
2021-08-05 00:00:00-03:00,39.29999923706055,40.5,40.849998474121094,39.029998779296875,796100,-0.5499992370605469,-1.380173797039717,0.2700004577636719,1.8199996948242188,RRRP3.SA
2021-08-06 00:00:00-03:00,38.63999938964844,39.13999938964844,39.47999954223633,38.41999816894531,812400,-0.6599998474121094,-1.6793889573150835,0.220001220703125,1.0600013732910156,RRRP3.SA
2021-08-09 00:00:00-03:00,38.599998474121094,37.56999969482422,38.95000076293945,37.38999938964844,1180500,-0.04000091552734375,-0.10352203974946406,1.2099990844726562,1.5600013732910156,RRRP3.SA
2021-08-10 00:00:00-03:00,37.959999084472656,38.7599983215332,39.72999954223633,37.709999084472656,1510000,-0.6399993896484375,-1.6580295724040468,0.25,2.020000457763672,RRRP3.SA
2021-08-11 00:00:00-03:00,37.900001525878906,37.939998626708984,38.22999954223633,37.54999923706055,769600,-0.05999755859375,-0.15805468925391608,0.3500022888183594,0.6800003051757812,RRRP3.SA
2021-08-12 00:00:00-03:00,37.58000183105469,37.650001525878906,38.439998626708984,36.900001525878906,674800,-0.31999969482421875,-0.8443263375747279,0.6800003051757812,1.5399971008300781,RRRP3.SA
2021-08-13 00:00:00-03:00,36.15999984741211,37.130001068115234,37.41999816894531,35.9900016784668,896200,-1.4200019836425781,-3.778610735641692,0.1699981689453125,1.4299964904785156,RRRP3.SA
2021-08-16 00:00:00-03:00,33.79999923706055,35.79999923706055,35.79999923706055,33.79999923706055,1526000,-2.3600006103515625,-6.526550388026237,0.0,2.0,RRRP3.SA
2021-08-17 00:00:00-03:00,32.52000045776367,33.33000183105469,33.4900016784668,31.649999618530273,2739900,-1.279998779296875,-3.786978722453341,0.8700008392333984,1.8400020599365234,RRRP3.SA
2021-08-18 00:00:00-03:00,33.0,32.56999969482422,33.70000076293945,32.220001220703125,1353400,0.4799995422363281,1.4760133317333128,0.779998779296875,1.4799995422363281,RRRP3.SA
2021-08-19 00:00:00-03:00,33.79999923706055,32.0,34.5,31.75,1939300,0.7999992370605469,2.4242401123046875,2.049999237060547,2.75,RRRP3.SA
2021-08-20 00:00:00-03:00,34.93000030517578,33.25,35.400001525878906,32.91999816894531,1467400,1.1300010681152344,3.3431985018396944,2.0100021362304688,2.4800033569335938,RRRP3.SA
2021-08-23 00:00:00-03:00,34.5,35.099998474121094,35.810001373291016,34.099998474121094,2039200,-0.43000030517578125,-1.2310343584854309,0.40000152587890625,1.7100028991699219,RRRP3.SA
2021-08-24 00:00:00-03:00,36.86000061035156,35.29999923706055,36.86000061035156,34.81999969482422,1398900,2.3600006103515625,6.840581479279891,2.0400009155273438,2.0400009155273438,RRRP3.SA
2021-08-25 00:00:00-03:00,36.20000076293945,36.79999923706055,37.66999816894531,35.560001373291016,1199400,-0.6599998474121094,-1.7905584277900317,0.6399993896484375,2.109996795654297,RRRP3.SA
2021-08-26 00:00:00-03:00,35.349998474121094,35.650001525878906,36.79999923706055,35.16999816894531,1140400,-0.8500022888183594,-2.348072571557978,0.18000030517578125,1.6300010681152344,RRRP3.SA
2021-08-27 00:00:00-03:00,37.900001525878906,37.20000076293945,38.13999938964844,36.439998626708984,2643200,2.5500030517578125,7.21358744505919,1.4600028991699219,1.7000007629394531,RRRP3.SA
2021-08-30 00:00:00-03:00,38.790000915527344,38.0,39.79999923706055,37.84000015258789,1802700,0.8899993896484375,2.3482832554524435,0.9500007629394531,1.9599990844726562,RRRP3.SA
2021-08-31 00:00:00-03:00,38.439998626708984,39.099998474121094,39.099998474121094,37.459999084472656,1699300,-0.3500022888183594,-0.902300285015599,0.9799995422363281,1.6399993896484375,RRRP3.SA
2021-09-01 00:00:00-03:00,37.459999084472656,38.599998474121094,38.72999954223633,36.900001525878906,1125900,-0.9799995422363281,-2.5494265797278217,0.55999755859375,1.8299980163574219,RRRP3.SA
2021-09-02 00:00:00-03:00,37.20000076293945,37.630001068115234,38.31999969482422,36.150001525878906,1178100,-0.2599983215332031,-0.694069214862779,1.0499992370605469,2.1699981689453125,RRRP3.SA
2021-09-03 00:00:00-03:00,36.90999984741211,38.0,38.189998626708984,36.16999816894531,1081600,-0.29000091552734375,-0.7795723375797792,0.7400016784667969,2.020000457763672,RRRP3.SA
2021-09-06 00:00:00-03:00,37.56999969482422,36.79999923706055,38.27000045776367,36.310001373291016,787500,0.6599998474121094,1.7881328911963834,1.2599983215332031,1.9599990844726562,RRRP3.SA
2021-09-08 00:00:00-03:00,35.099998474121094,37.560001373291016,37.560001373291016,34.88999938964844,1696500,-2.470001220703125,-6.574397766213991,0.20999908447265625,2.670001983642578,RRRP3.SA
2021-09-09 00:00:00-03:00,35.06999969482422,34.5,35.41999816894531,33.40999984741211,1730800,-0.029998779296875,-0.08546661139884293,1.6599998474121094,2.009998321533203,RRRP3.SA
2021-09-10 00:00:00-03:00,34.25,35.83000183105469,36.209999084472656,34.040000915527344,1275200,-0.8199996948242188,-2.338179931450753,0.20999908447265625,2.1699981689453125,RRRP3.SA
2021-09-13 00:00:00-03:00,35.459999084472656,34.5099983215332,35.689998626708984,34.5099983215332,1276100,1.2099990844726562,3.532844042255931,0.9500007629394531,1.1800003051757812,RRRP3.SA
2021-09-14 00:00:00-03:00,35.22999954223633,35.599998474121094,36.189998626708984,34.7400016784668,1147500,-0.22999954223632812,-0.6486168871251863,0.48999786376953125,1.4499969482421875,RRRP3.SA
2021-09-15 00:00:00-03:00,36.130001068115234,35.33000183105469,36.400001525878906,34.849998474121094,2169800,0.9000015258789062,2.554645295410566,1.2800025939941406,1.5500030517578125,RRRP3.SA
2021-09-16 00:00:00-03:00,35.810001373291016,35.9900016784668,36.84000015258789,35.439998626708984,1465700,-0.31999969482421875,-0.8856896910158696,0.37000274658203125,1.4000015258789062,RRRP3.SA
2021-09-17 00:00:00-03:00,34.22999954223633,35.84000015258789,35.84000015258789,33.63999938964844,1299100,-1.5800018310546875,-4.412180314053643,0.5900001525878906,2.200000762939453,RRRP3.SA
2021-09-20 00:00:00-03:00,31.889999389648438,32.9900016784668,33.400001525878906,31.059999465942383,1698800,-2.3400001525878906,-6.8361092137923265,0.8299999237060547,2.3400020599365234,RRRP3.SA
2021-09-21 00:00:00-03:00,32.900001525878906,32.40999984741211,33.189998626708984,31.809999465942383,925500,1.0100021362304688,3.1671437929168462,1.0900020599365234,1.3799991607666016,RRRP3.SA
2021-09-22 00:00:00-03:00,34.33000183105469,33.560001373291016,34.75,33.31999969482422,977000,1.4300003051757812,4.34650528526862,1.0100021362304688,1.4300003051757812,RRRP3.SA
2021-09-23 00:00:00-03:00,35.849998474121094,34.33000183105469,36.59000015258789,34.33000183105469,1460700,1.5199966430664062,4.427604316908102,1.5199966430664062,2.259998321533203,RRRP3.SA
2021-09-24 00:00:00-03:00,35.939998626708984,35.849998474121094,37.09000015258789,35.25,2583100,0.09000015258789062,0.2510464614185679,0.6899986267089844,1.8400001525878906,RRRP3.SA
2021-09-27 00:00:00-03:00,37.220001220703125,36.400001525878906,37.439998626708984,36.099998474121094,1901300,1.2800025939941406,3.561498728168843,1.1200027465820312,1.3400001525878906,RRRP3.SA
2021-09-28 00:00:00-03:00,37.709999084472656,37.5099983215332,38.79999923706055,37.13999938964844,3758800,0.48999786376953125,1.3164907246079736,0.5699996948242188,1.6599998474121094,RRRP3.SA
2021-09-29 00:00:00-03:00,40.029998779296875,37.95000076293945,40.880001068115234,37.95000076293945,4244200,2.3199996948242188,6.152213606866653,2.079998016357422,2.9300003051757812,RRRP3.SA
2021-09-30 00:00:00-03:00,42.599998474121094,39.810001373291016,43.18000030517578,39.810001373291016,4751200,2.5699996948242188,6.4201842947679495,2.789997100830078,3.3699989318847656,RRRP3.SA
2021-10-01 00:00:00-03:00,42.56999969482422,42.0,43.81999969482422,40.31999969482422,4672900,-0.029998779296875,-0.07041967223331369,2.25,3.5,RRRP3.SA
2021-10-04 00:00:00-03:00,42.75,42.81999969482422,44.33000183105469,41.790000915527344,3694700,0.18000030517578125,0.42283370088364336,0.9599990844726562,2.5400009155273438,RRRP3.SA
2021-10-05 00:00:00-03:00,42.900001525878906,43.5099983215332,44.810001373291016,42.599998474121094,2968500,0.15000152587890625,0.3508807622898331,0.3000030517578125,2.210002899169922,RRRP3.SA
2021-10-06 00:00:00-03:00,42.0099983215332,41.709999084472656,42.7599983215332,40.400001525878906,4202600,-0.8900032043457031,-2.0745994701394608,1.6099967956542969,2.359996795654297,RRRP3.SA
2021-10-07 00:00:00-03:00,40.790000915527344,41.54999923706055,42.27000045776367,40.36000061035156,2575800,-1.2199974060058594,-2.904064400736999,0.43000030517578125,1.9099998474121094,RRRP3.SA
2021-10-08 00:00:00-03:00,40.58000183105469,41.5,41.90999984741211,40.20000076293945,1360300,-0.20999908447265625,-0.5148298106380196,0.3800010681152344,1.7099990844726562,RRRP3.SA
2021-10-11 00:00:00-03:00,41.029998779296875,41.20000076293945,42.70000076293945,40.61000061035156,1474500,0.4499969482421875,1.108913080180841,0.4199981689453125,2.0900001525878906,RRRP3.SA
2021-10-13 00:00:00-03:00,41.2599983215332,41.02000045776367,41.66999816894531,40.45000076293945,1106300,0.22999954223632812,0.560564340919214,0.80999755859375,1.2199974060058594,RRRP3.SA
2021-10-14 00:00:00-03:00,41.119998931884766,41.88999938964844,42.650001525878906,40.83000183105469,1868700,-0.1399993896484375,-0.3393102165381663,0.2899971008300781,1.8199996948242188,RRRP3.SA
2021-10-15 00:00:00-03:00,41.33000183105469,41.189998626708984,42.02000045776367,41.040000915527344,1125400,0.21000289916992188,0.5107074528814763,0.29000091552734375,0.9799995422363281,RRRP3.SA
2021-10-18 00:00:00-03:00,41.47999954223633,41.33000183105469,43.119998931884766,40.7599983215332,2517800,0.14999771118164062,0.3629269405667799,0.720001220703125,2.3600006103515625,RRRP3.SA
2021-10-19 00:00:00-03:00,39.099998474121094,41.16999816894531,41.70000076293945,38.349998474121094,2852600,-2.3800010681152344,-5.737707556365422,0.75,3.3500022888183594,RRRP3.SA
2021-10-20 00:00:00-03:00,38.16999816894531,39.59000015258789,39.59000015258789,37.810001373291016,1789800,-0.9300003051757812,-2.378517497363376,0.3599967956542969,1.779998779296875,RRRP3.SA
2021-10-21 00:00:00-03:00,35.79999923706055,37.060001373291016,37.54999923706055,34.83000183105469,3046100,-2.3699989318847656,-6.209062210050007,0.9699974060058594,2.7199974060058594,RRRP3.SA
2021-10-22 00:00:00-03:00,33.95000076293945,34.9900016784668,35.439998626708984,32.29999923706055,4789200,-1.8499984741210938,-5.167593613258944,1.6500015258789062,3.1399993896484375,RRRP3.SA
2021-10-25 00:00:00-03:00,38.099998474121094,34.08000183105469,38.58000183105469,34.08000183105469,3396300,4.149997711181641,12.22385159917836,4.019996643066406,4.5,RRRP3.SA
2021-10-26 00:00:00-03:00,37.380001068115234,37.58000183105469,38.439998626708984,36.77000045776367,2125700,-0.7199974060058594,-1.8897570468274694,0.6100006103515625,1.6699981689453125,RRRP3.SA
2021-10-27 00:00:00-03:00,36.4900016784668,37.29999923706055,37.29999923706055,35.650001525878906,2235200,-0.8899993896484375,-2.3809506800886595,0.8400001525878906,1.6499977111816406,RRRP3.SA
2021-10-28 00:00:00-03:00,34.90999984741211,35.45000076293945,36.369998931884766,34.439998626708984,1675500,-1.5800018310546875,-4.3299582306872395,0.470001220703125,1.9300003051757812,RRRP3.SA
2021-10-29 00:00:00-03:00,32.34000015258789,34.91999816894531,35.400001525878906,32.34000015258789,2993700,-2.5699996948242188,-7.361786611450626,0.0,3.0600013732910156,RRRP3.SA
2021-11-01 00:00:00-03:00,34.79999923706055,33.5,35.66999816894531,33.220001220703125,3539900,2.4599990844726562,7.606676168416172,1.5799980163574219,2.4499969482421875,RRRP3.SA
2021-11-03 00:00:00-03:00,35.560001373291016,34.11000061035156,36.15999984741211,33.63999938964844,1934600,0.7600021362304688,2.183914232449453,1.9200019836425781,2.520000457763672,RRRP3.SA
2021-11-04 00:00:00-03:00,34.54999923706055,35.650001525878906,36.34000015258789,34.43000030517578,3335200,-1.0100021362304688,-2.8402758639629297,0.11999893188476562,1.9099998474121094,RRRP3.SA
2021-11-05 00:00:00-03:00,35.5,34.29999923706055,37.02000045776367,32.810001373291016,9024100,0.9500007629394531,2.7496404744357363,2.6899986267089844,4.209999084472656,RRRP3.SA
2021-11-08 00:00:00-03:00,34.88999938964844,36.040000915527344,36.060001373291016,33.900001525878906,5843100,-0.6100006103515625,-1.7183115784551006,0.9899978637695312,2.1599998474121094,RRRP3.SA
2021-11-09 00:00:00-03:00,35.68000030517578,35.04999923706055,36.29999923706055,33.7400016784668,6922900,0.7900009155273438,2.2642617636781353,1.9399986267089844,2.55999755859375,RRRP3.SA
2021-11-10 00:00:00-03:00,34.11000061035156,35.5099983215332,37.06999969482422,33.90999984741211,4242400,-1.5699996948242188,-4.400223322297649,0.20000076293945312,3.1599998474121094,RRRP3.SA
2021-11-11 00:00:00-03:00,33.650001525878906,34.13999938964844,34.459999084472656,33.099998474121094,3214700,-0.45999908447265625,-1.3485754214060535,0.5500030517578125,1.3600006103515625,RRRP3.SA
2021-11-12 00:00:00-03:00,32.0,33.20000076293945,34.2400016784668,31.739999771118164,3350100,-1.6500015258789062,-4.903421845642285,0.26000022888183594,2.500001907348633,RRRP3.SA
2021-11-16 00:00:00-03:00,31.350000381469727,32.650001525878906,33.38999938964844,30.799999237060547,2860800,-0.6499996185302734,-2.0312488079071045,0.5500011444091797,2.5900001525878906,RRRP3.SA
2021-11-17 00:00:00-03:00,30.110000610351562,31.350000381469727,31.739999771118164,29.700000762939453,3020900,-1.239999771118164,-3.9553421244967524,0.4099998474121094,2.039999008178711,RRRP3.SA
2021-11-18 00:00:00-03:00,29.8700008392334,30.209999084472656,30.829999923706055,28.920000076293945,3217200,-0.23999977111816406,-0.7970766066197115,0.9500007629394531,1.9099998474121094,RRRP3.SA
2021-11-19 00:00:00-03:00,29.0,29.100000381469727,29.440000534057617,28.219999313354492,3782100,-0.8700008392333984,-2.91262408700932,0.7800006866455078,1.220001220703125,RRRP3.SA
2021-11-22 00:00:00-03:00,29.1200008392334,29.100000381469727,30.190000534057617,28.950000762939453,2889900,0.12000083923339844,0.4137959973565444,0.1700000762939453,1.239999771118164,RRRP3.SA
2021-11-23 00:00:00-03:00,30.68000030517578,29.15999984741211,30.790000915527344,29.059999465942383,2751900,1.5599994659423828,5.357140868761903,1.6200008392333984,1.730001449584961,RRRP3.SA
2021-11-24 00:00:00-03:00,29.799999237060547,30.270000457763672,31.200000762939453,29.350000381469727,2114700,-0.8800010681152344,-2.868321575494818,0.4499988555908203,1.8500003814697266,RRRP3.SA
2021-11-25 00:00:00-03:00,29.709999084472656,29.75,30.40999984741211,29.100000381469727,1337200,-0.09000015258789062,-0.3020139425908468,0.6099987030029297,1.3099994659423828,RRRP3.SA
2021-11-26 00:00:00-03:00,27.600000381469727,27.5,28.549999237060547,26.729999542236328,3607000,-2.1099987030029297,-7.101981716672881,0.8700008392333984,1.8199996948242188,RRRP3.SA
2021-11-29 00:00:00-03:00,27.969999313354492,28.389999389648438,28.84000015258789,27.700000762939453,1820700,0.3699989318847656,1.3405758216336068,0.26999855041503906,1.1399993896484375,RRRP3.SA
2021-11-30 00:00:00-03:00,27.6200008392334,27.440000534057617,27.6200008392334,26.350000381469727,4683600,-0.34999847412109375,-1.251335297509229,1.2700004577636719,1.2700004577636719,RRRP3.SA
2021-12-01 00:00:00-03:00,27.600000381469727,28.100000381469727,28.969999313354492,27.219999313354492,3413500,-0.020000457763671875,-0.07241295132497783,0.3800010681152344,1.75,RRRP3.SA
2021-12-02 00:00:00-03:00,29.350000381469727,27.600000381469727,29.399999618530273,27.020000457763672,3209400,1.75,6.340579622509452,2.3299999237060547,2.3799991607666016,RRRP3.SA
2021-12-03 00:00:00-03:00,31.219999313354492,29.3799991607666,31.760000228881836,29.3799991607666,4087300,1.8699989318847656,6.371376175740693,1.8400001525878906,2.3800010681152344,RRRP3.SA
2021-12-06 00:00:00-03:00,32.36000061035156,31.68000030517578,32.56999969482422,31.399999618530273,3129400,1.1400012969970703,3.651509679916714,0.9600009918212891,1.1700000762939453,RRRP3.SA
2021-12-07 00:00:00-03:00,31.40999984741211,33.040000915527344,34.02000045776367,30.959999084472656,3297700,-0.9500007629394531,-2.935725417247241,0.4500007629394531,3.0600013732910156,RRRP3.SA
2021-12-08 00:00:00-03:00,30.389999389648438,31.399999618530273,31.690000534057617,30.139999389648438,2633000,-1.0200004577636719,-3.2473749211040257,0.25,1.5500011444091797,RRRP3.SA
2021-12-09 00:00:00-03:00,30.110000610351562,30.100000381469727,30.850000381469727,29.639999389648438,1426000,-0.279998779296875,-0.9213517108271105,0.470001220703125,1.210000991821289,RRRP3.SA
2021-12-10 00:00:00-03:00,30.440000534057617,30.579999923706055,30.780000686645508,29.739999771118164,1262000,0.3299999237060547,1.0959811259273238,0.7000007629394531,1.0400009155273438,RRRP3.SA
2021-12-13 00:00:00-03:00,30.56999969482422,30.489999771118164,31.360000610351562,29.959999084472656,1501200,0.12999916076660156,0.4270668807024265,0.6100006103515625,1.4000015258789062,RRRP3.SA
2021-12-14 00:00:00-03:00,29.700000762939453,30.420000076293945,31.010000228881836,29.1299991607666,1479700,-0.8699989318847656,-2.8459239141963906,0.5700016021728516,1.8800010681152344,RRRP3.SA
2021-12-15 00:00:00-03:00,29.5,29.489999771118164,29.75,28.690000534057617,1693700,-0.20000076293945312,-0.67340322492187,0.8099994659423828,1.0599994659423828,RRRP3.SA
2021-12-16 00:00:00-03:00,31.670000076293945,30.5,31.90999984741211,30.25,3423600,2.1700000762939453,7.355932462013371,1.4200000762939453,1.6599998474121094,RRRP3.SA
2021-12-17 00:00:00-03:00,32.29999923706055,31.350000381469727,32.58000183105469,30.84000015258789,3874800,0.6299991607666016,1.9892616332457038,1.4599990844726562,1.7400016784667969,RRRP3.SA
2021-12-20 00:00:00-03:00,30.299999237060547,31.200000762939453,31.31999969482422,29.729999542236328,2401500,-2.0,-6.191950610652739,0.5699996948242188,1.5900001525878906,RRRP3.SA
2021-12-21 00:00:00-03:00,30.84000015258789,30.969999313354492,31.3700008392334,30.149999618530273,1737600,0.5400009155273438,1.7821812842386464,0.6900005340576172,1.220001220703125,RRRP3.SA
2021-12-22 00:00:00-03:00,31.479999542236328,30.75,31.770000457763672,30.389999389648438,1658600,0.6399993896484375,2.075224988592396,1.0900001525878906,1.3800010681152344,RRRP3.SA
2021-12-23 00:00:00-03:00,31.270000457763672,31.549999237060547,31.790000915527344,31.059999465942383,760400,-0.20999908447265625,-0.6670873174280132,0.21000099182128906,0.7300014495849609,RRRP3.SA
2021-12-27 00:00:00-03:00,31.770000457763672,31.0,32.06999969482422,31.0,1254100,0.5,1.5989766315333043,0.7700004577636719,1.0699996948242188,RRRP3.SA
2021-12-28 00:00:00-03:00,32.06999969482422,31.989999771118164,32.91999816894531,31.790000915527344,1921500,0.2999992370605469,0.9442846482151595,0.279998779296875,1.1299972534179688,RRRP3.SA
2021-12-29 00:00:00-03:00,33.47999954223633,32.2599983215332,33.63999938964844,31.81999969482422,2851300,1.4099998474121094,4.396631932739524,1.6599998474121094,1.8199996948242188,RRRP3.SA
2021-12-30 00:00:00-03:00,33.54999923706055,33.31999969482422,34.29999923706055,33.11000061035156,7855700,0.06999969482421875,0.20907913913174525,0.4399986267089844,1.1899986267089844,RRRP3.SA
2022-01-03 00:00:00-03:00,34.150001525878906,34.13999938964844,34.779998779296875,32.36000061035156,3498700,0.6000022888183594,1.7883824216471993,1.7900009155273438,2.4199981689453125,RRRP3.SA
2022-01-04 00:00:00-03:00,34.47999954223633,34.150001525878906,35.900001525878906,34.150001525878906,5408700,0.3299980163574219,0.9663191848098478,0.3299980163574219,1.75,RRRP3.SA
2022-01-05 00:00:00-03:00,32.0099983215332,34.22999954223633,34.41999816894531,31.989999771118164,2678700,-2.470001220703125,-7.163576721274296,0.019998550415039062,2.4299983978271484,RRRP3.SA
2022-01-06 00:00:00-03:00,31.809999465942383,32.279998779296875,33.099998474121094,31.079999923706055,2729600,-0.1999988555908203,-0.6248012061165298,0.7299995422363281,2.019998550415039,RRRP3.SA
2022-01-07 00:00:00-03:00,34.0,31.65999984741211,34.0,31.549999237060547,2681100,2.190000534057617,6.884629270121039,2.450000762939453,2.450000762939453,RRRP3.SA
2022-01-10 00:00:00-03:00,34.5099983215332,33.47999954223633,35.04999923706055,33.34000015258789,2785100,0.5099983215332031,1.4999950633329462,1.1699981689453125,1.7099990844726562,RRRP3.SA
2022-01-11 00:00:00-03:00,36.29999923706055,34.70000076293945,36.849998474121094,34.310001373291016,3892200,1.7900009155273438,5.186905252355331,1.9899978637695312,2.539997100830078,RRRP3.SA
2022-01-12 00:00:00-03:00,36.08000183105469,36.54999923706055,37.209999084472656,35.29999923706055,3251200,-0.21999740600585938,-0.6060534728090374,0.7800025939941406,1.9099998474121094,RRRP3.SA
2022-01-13 00:00:00-03:00,35.849998474121094,36.0099983215332,37.56999969482422,35.7400016784668,3004200,-0.23000335693359375,-0.637481555601326,0.10999679565429688,1.8299980163574219,RRRP3.SA
2022-01-14 00:00:00-03:00,36.689998626708984,36.439998626708984,36.900001525878906,35.130001068115234,2363800,0.8400001525878906,2.3430967596672474,1.55999755859375,1.7700004577636719,RRRP3.SA
2022-01-17 00:00:00-03:00,36.54999923706055,36.849998474121094,37.34000015258789,36.02000045776367,1947100,-0.1399993896484375,-0.3815737118794118,0.529998779296875,1.3199996948242188,RRRP3.SA
2022-01-18 00:00:00-03:00,36.5099983215332,36.91999816894531,37.79999923706055,36.15999984741211,2982700,-0.04000091552734375,-0.10944163163424037,0.34999847412109375,1.6399993896484375,RRRP3.SA
2022-01-19 00:00:00-03:00,37.09000015258789,36.849998474121094,38.0,36.79999923706055,3370100,0.5800018310546875,1.5886109496548784,0.29000091552734375,1.2000007629394531,RRRP3.SA
2022-01-20 00:00:00-03:00,36.5,37.09000015258789,37.400001525878906,36.16999816894531,3593600,-0.5900001525878906,-1.5907256677288615,0.3300018310546875,1.2300033569335938,RRRP3.SA
2022-01-21 00:00:00-03:00,36.0,36.0099983215332,36.439998626708984,35.560001373291016,2214800,-0.5,-1.3698630136986338,0.4399986267089844,0.8799972534179688,RRRP3.SA
2022-01-24 00:00:00-03:00,35.52000045776367,35.400001525878906,36.52000045776367,35.209999084472656,2080800,-0.4799995422363281,-1.3333320617675781,0.3100013732910156,1.3100013732910156,RRRP3.SA
2022-01-25 00:00:00-03:00,37.36000061035156,35.400001525878906,37.630001068115234,35.0,4646300,1.8400001525878906,5.180180543003672,2.3600006103515625,2.6300010681152344,RRRP3.SA
2022-01-26 00:00:00-03:00,36.7599983215332,37.720001220703125,38.59000015258789,36.41999816894531,3514800,-0.6000022888183594,-1.6060018174949136,0.3400001525878906,2.170001983642578,RRRP3.SA
2022-01-27 00:00:00-03:00,37.31999969482422,37.099998474121094,38.369998931884766,36.900001525878906,3122100,0.5600013732910156,1.5233987999476568,0.4199981689453125,1.4699974060058594,RRRP3.SA
2022-01-28 00:00:00-03:00,37.7400016784668,37.400001525878906,38.20000076293945,36.79999923706055,2580500,0.4200019836425781,1.1254072536898434,0.94000244140625,1.4000015258789062,RRRP3.SA
2022-01-31 00:00:00-03:00,38.2400016784668,38.560001373291016,39.70000076293945,37.97999954223633,4894700,0.5,1.3248542071085438,0.26000213623046875,1.720001220703125,RRRP3.SA
2022-02-01 00:00:00-03:00,37.29999923706055,36.5,37.470001220703125,36.5,31059600,-0.94000244140625,-2.458165272350314,0.7999992370605469,0.970001220703125,RRRP3.SA
2022-02-02 00:00:00-03:00,36.45000076293945,37.599998474121094,38.38999938964844,36.20000076293945,4566800,-0.8499984741210938,-2.278816331118179,0.25,2.1899986267089844,RRRP3.SA
2022-02-03 00:00:00-03:00,36.5,36.16999816894531,36.79999923706055,35.0,4112800,0.049999237060546875,0.13717211526476092,1.5,1.7999992370605469,RRRP3.SA
2022-02-04 00:00:00-03:00,37.47999954223633,37.02000045776367,38.18000030517578,36.40999984741211,5240200,0.9799995422363281,2.684930252702273,1.0699996948242188,1.7700004577636719,RRRP3.SA
2022-02-07 00:00:00-03:00,37.25,37.400001525878906,37.779998779296875,37.0,1764200,-0.22999954223632812,-0.6136594051372413,0.25,0.779998779296875,RRRP3.SA
2022-02-08 00:00:00-03:00,36.650001525878906,36.849998474121094,36.86000061035156,35.58000183105469,4235600,-0.5999984741210938,-1.6107341587143509,1.0699996948242188,1.279998779296875,RRRP3.SA
2022-02-09 00:00:00-03:00,37.400001525878906,37.0,37.900001525878906,36.560001373291016,3820400,0.75,2.0463846351286463,0.8400001525878906,1.3400001525878906,RRRP3.SA
2022-02-10 00:00:00-03:00,38.54999923706055,37.599998474121094,39.689998626708984,37.56999969482422,6916600,1.1499977111816406,3.074860064874329,0.9799995422363281,2.1199989318847656,RRRP3.SA
2022-02-11 00:00:00-03:00,39.369998931884766,39.06999969482422,39.79999923706055,38.650001525878906,5401100,0.8199996948242188,2.1271069028605893,0.7199974060058594,1.1499977111816406,RRRP3.SA
2022-02-14 00:00:00-03:00,38.849998474121094,39.599998474121094,40.16999816894531,38.209999084472656,3841900,-0.5200004577636719,-1.320803840160977,0.6399993896484375,1.9599990844726562,RRRP3.SA
2022-02-15 00:00:00-03:00,37.0099983215332,37.79999923706055,37.900001525878906,36.849998474121094,3751400,-1.8400001525878906,-4.736165314944756,0.15999984741210938,1.0500030517578125,RRRP3.SA
2022-02-16 00:00:00-03:00,37.150001525878906,37.68000030517578,38.060001373291016,36.90999984741211,4178600,0.14000320434570312,0.3782848167929984,0.24000167846679688,1.1500015258789062,RRRP3.SA
2022-02-17 00:00:00-03:00,36.5,36.900001525878906,37.119998931884766,35.59000015258789,4361700,-0.6500015258789062,-1.7496675617257011,0.9099998474121094,1.529998779296875,RRRP3.SA
2022-02-18 00:00:00-03:00,35.65999984741211,36.02000045776367,36.619998931884766,34.95000076293945,4006400,-0.8400001525878906,-2.3013702810627166,0.7099990844726562,1.6699981689453125,RRRP3.SA
2022-02-21 00:00:00-03:00,37.040000915527344,36.0,37.310001373291016,35.7599983215332,3734400,1.3800010681152344,3.8698852328104607,1.2800025939941406,1.5500030517578125,RRRP3.SA
2022-02-22 00:00:00-03:00,36.099998474121094,38.349998474121094,38.349998474121094,35.560001373291016,4702200,-0.94000244140625,-2.5378035047839234,0.5399971008300781,2.789997100830078,RRRP3.SA
2022-02-23 00:00:00-03:00,31.59000015258789,35.59000015258789,35.84000015258789,31.510000228881836,18319800,-4.509998321533203,-12.493070670809786,0.07999992370605469,4.329999923706055,RRRP3.SA
2022-02-24 00:00:00-03:00,32.06999969482422,33.0,33.4900016784668,32.0099983215332,8724700,0.4799995422363281,1.5194667297176494,0.060001373291015625,1.4800033569335938,RRRP3.SA
2022-02-25 00:00:00-03:00,33.880001068115234,31.899999618530273,33.900001525878906,31.889999389648438,4287600,1.8100013732910156,5.643908295961509,1.9900016784667969,2.0100021362304688,RRRP3.SA
2022-03-02 00:00:00-03:00,38.2599983215332,36.0,38.56999969482422,35.52000045776367,8135400,4.379997253417969,12.927972595431882,2.7399978637695312,3.049999237060547,RRRP3.SA
2022-03-03 00:00:00-03:00,38.61000061035156,38.38999938964844,39.16999816894531,37.54999923706055,9634100,0.3500022888183594,0.9147995404416207,1.0600013732910156,1.6199989318847656,RRRP3.SA
2022-03-04 00:00:00-03:00,38.619998931884766,38.939998626708984,39.349998474121094,37.75,5329200,0.009998321533203125,0.025895678257313648,0.8699989318847656,1.5999984741210938,RRRP3.SA
2022-03-07 00:00:00-03:00,38.29999923706055,39.470001220703125,40.619998931884766,37.900001525878906,4947700,-0.31999969482421875,-0.8285854574688472,0.3999977111816406,2.7199974060058594,RRRP3.SA
2022-03-08 00:00:00-03:00,39.060001373291016,38.689998626708984,40.0,38.0,7277200,0.7600021362304688,1.9843398208088274,1.0600013732910156,2.0,RRRP3.SA
2022-03-09 00:00:00-03:00,37.36000061035156,38.650001525878906,38.72999954223633,35.86000061035156,6844700,-1.7000007629394531,-4.352280346057299,1.5,2.8699989318847656,RRRP3.SA
2022-03-10 00:00:00-03:00,36.939998626708984,38.0,38.4900016784668,36.720001220703125,4432600,-0.4200019836425781,-1.1242022933110007,0.21999740600585938,1.7700004577636719,RRRP3.SA
2022-03-11 00:00:00-03:00,36.040000915527344,36.599998474121094,37.599998474121094,35.599998474121094,3479200,-0.8999977111816406,-2.4363772188418835,0.44000244140625,2.0,RRRP3.SA
2022-03-14 00:00:00-03:00,35.06999969482422,35.45000076293945,36.189998626708984,34.79999923706055,2649300,-0.970001220703125,-2.691457258773852,0.2700004577636719,1.3899993896484375,RRRP3.SA
2022-03-15 00:00:00-03:00,34.849998474121094,34.22999954223633,35.41999816894531,33.279998779296875,3295500,-0.220001220703125,-0.6273202812020315,1.5699996948242188,2.1399993896484375,RRRP3.SA
2022-03-16 00:00:00-03:00,33.959999084472656,35.2599983215332,35.619998931884766,33.439998626708984,3838600,-0.8899993896484375,-2.5538003690569298,0.5200004577636719,2.1800003051757812,RRRP3.SA
2022-03-17 00:00:00-03:00,35.5099983215332,34.70000076293945,35.959999084472656,34.689998626708984,3169800,1.5499992370605469,4.56419104489683,0.8199996948242188,1.2700004577636719,RRRP3.SA
2022-03-18 00:00:00-03:00,36.5099983215332,35.02000045776367,37.29999923706055,35.0,12017500,1.0,2.816108271662756,1.5099983215332031,2.299999237060547,RRRP3.SA
2022-03-21 00:00:00-03:00,37.86000061035156,37.20000076293945,38.119998931884766,37.11000061035156,3544900,1.3500022888183594,3.6976235302156795,0.75,1.0099983215332031,RRRP3.SA
2022-03-22 00:00:00-03:00,38.599998474121094,37.880001068115234,38.7599983215332,37.54999923706055,3011400,0.7399978637695312,1.954563792498206,1.0499992370605469,1.2099990844726562,RRRP3.SA
2022-03-23 00:00:00-03:00,39.7400016784668,39.11000061035156,40.349998474121094,39.11000061035156,7431400,1.1400032043457031,2.953376293809967,0.6300010681152344,1.2399978637695312,RRRP3.SA
2022-03-24 00:00:00-03:00,39.900001525878906,39.70000076293945,41.0099983215332,39.400001525878906,6099900,0.15999984741210938,0.4026166095981978,0.5,1.6099967956542969,RRRP3.SA
2022-03-25 00:00:00-03:00,40.400001525878906,39.790000915527344,40.880001068115234,39.290000915527344,5590800,0.5,1.2531327841571738,1.1100006103515625,1.5900001525878906,RRRP3.SA
2022-03-28 00:00:00-03:00,40.439998626708984,38.97999954223633,40.54999923706055,38.83000183105469,3539400,0.039997100830078125,0.09900272108765762,1.6099967956542969,1.7199974060058594,RRRP3.SA
2022-03-29 00:00:00-03:00,41.47999954223633,39.29999923706055,41.9900016784668,39.099998474121094,6844400,1.0400009155273438,2.5717135282998385,2.3800010681152344,2.890003204345703,RRRP3.SA
2022-03-30 00:00:00-03:00,42.20000076293945,42.400001525878906,43.20000076293945,41.720001220703125,5571000,0.720001220703125,1.7357792397514231,0.4799995422363281,1.4799995422363281,RRRP3.SA
2022-03-31 00:00:00-03:00,41.849998474121094,41.5,42.529998779296875,41.02000045776367,3751500,-0.3500022888183594,-0.8293892950014765,0.8299980163574219,1.5099983215332031,RRRP3.SA
2022-04-01 00:00:00-03:00,42.29999923706055,42.18000030517578,42.31999969482422,41.20000076293945,3005800,0.4500007629394531,1.075270679442724,1.0999984741210938,1.1199989318847656,RRRP3.SA
2022-04-04 00:00:00-03:00,42.779998779296875,42.66999816894531,42.97999954223633,42.13999938964844,2250800,0.4799995422363281,1.1347507113328277,0.6399993896484375,0.8400001525878906,RRRP3.SA
2022-04-05 00:00:00-03:00,43.400001525878906,43.7400016784668,44.5,42.9900016784668,5811200,0.6200027465820312,1.449281823921126,0.4099998474121094,1.5099983215332031,RRRP3.SA
2022-04-06 00:00:00-03:00,44.06999969482422,43.560001373291016,44.83000183105469,42.90999984741211,4973300,0.6699981689453125,1.543774528546507,1.1599998474121094,1.9200019836425781,RRRP3.SA
2022-04-07 00:00:00-03:00,44.13999938964844,44.25,44.439998626708984,43.099998474121094,2304100,0.06999969482421875,0.1588375205558208,1.0400009155273438,1.3400001525878906,RRRP3.SA
2022-04-08 00:00:00-03:00,44.099998474121094,44.040000915527344,45.08000183105469,43.33000183105469,2738800,-0.04000091552734375,-0.09062282754975115,0.7699966430664062,1.75,RRRP3.SA
2022-04-11 00:00:00-03:00,44.13999938964844,43.66999816894531,44.439998626708984,43.38999938964844,2167100,0.04000091552734375,0.0907050270099603,0.75,1.0499992370605469,RRRP3.SA
2022-04-12 00:00:00-03:00,44.22999954223633,44.54999923706055,45.25,43.91999816894531,3006200,0.09000015258789062,0.203897040852695,0.3100013732910156,1.3300018310546875,RRRP3.SA
2022-04-13 00:00:00-03:00,45.11000061035156,44.779998779296875,45.20000076293945,44.29999923706055,3188000,0.8800010681152344,1.9896022546301424,0.8100013732910156,0.9000015258789062,RRRP3.SA
2022-04-14 00:00:00-03:00,44.400001525878906,45.11000061035156,45.11000061035156,43.65999984741211,2309300,-0.7099990844726562,-1.5739283415343834,0.7400016784667969,1.4500007629394531,RRRP3.SA
2022-04-18 00:00:00-03:00,44.709999084472656,44.25,45.189998626708984,43.95000076293945,1443600,0.30999755859375,0.6981926755409376,0.7599983215332031,1.2399978637695312,RRRP3.SA
2022-04-19 00:00:00-03:00,43.2599983215332,44.54999923706055,44.59000015258789,42.84000015258789,3353100,-1.4500007629394531,-3.2431241168220595,0.4199981689453125,1.75,RRRP3.SA
2022-04-20 00:00:00-03:00,43.790000915527344,43.540000915527344,44.18000030517578,42.4900016784668,4825200,0.5300025939941406,1.2251562980998187,1.2999992370605469,1.6899986267089844,RRRP3.SA
2022-04-22 00:00:00-03:00,43.459999084472656,42.90999984741211,44.099998474121094,42.599998474121094,4450400,-0.3300018310546875,-0.7536008772671039,0.8600006103515625,1.5,RRRP3.SA
2022-04-25 00:00:00-03:00,43.369998931884766,42.13999938964844,43.849998474121094,42.029998779296875,3236300,-0.09000015258789062,-0.20708733199225549,1.3400001525878906,1.8199996948242188,RRRP3.SA
2022-04-26 00:00:00-03:00,44.34000015258789,43.31999969482422,45.06999969482422,42.54999923706055,3425000,0.970001220703125,2.23657192665965,1.7900009155273438,2.520000457763672,RRRP3.SA
2022-04-27 00:00:00-03:00,43.599998474121094,45.0,45.06999969482422,42.880001068115234,3720900,-0.7400016784667969,-1.6689257463243479,0.7199974060058594,2.1899986267089844,RRRP3.SA
2022-04-28 00:00:00-03:00,45.0,44.04999923706055,45.459999084472656,43.79999923706055,4574500,1.4000015258789062,3.21101278641072,1.2000007629394531,1.6599998474121094,RRRP3.SA
2022-04-29 00:00:00-03:00,46.22999954223633,45.5,48.06999969482422,45.33000183105469,8661100,1.2299995422363281,2.733332316080734,0.8999977111816406,2.7399978637695312,RRRP3.SA
2022-05-02 00:00:00-03:00,43.869998931884766,46.0,46.36000061035156,42.849998474121094,7204200,-2.3600006103515625,-5.104911602249601,1.0200004577636719,3.5100021362304688,RRRP3.SA
2022-05-03 00:00:00-03:00,43.560001373291016,43.9900016784668,43.9900016784668,42.65999984741211,4389000,-0.30999755859375,-0.7066276866682131,0.9000015258789062,1.3300018310546875,RRRP3.SA
2022-05-04 00:00:00-03:00,45.599998474121094,44.5099983215332,45.83000183105469,43.599998474121094,5669900,2.039997100830078,4.683188789063976,2.0,2.2300033569335938,RRRP3.SA
2022-05-05 00:00:00-03:00,44.380001068115234,45.59000015258789,46.09000015258789,43.439998626708984,4739600,-1.2199974060058594,-2.6754329974336173,0.94000244140625,2.6500015258789062,RRRP3.SA
2022-05-06 00:00:00-03:00,44.0,44.810001373291016,45.400001525878906,43.25,4029600,-0.3800010681152344,-0.8562439363892764,0.75,2.1500015258789062,RRRP3.SA
2022-05-09 00:00:00-03:00,40.16999816894531,43.0,43.38999938964844,39.54999923706055,5583700,-3.8300018310546875,-8.704549616033376,0.6199989318847656,3.8400001525878906,RRRP3.SA
2022-05-10 00:00:00-03:00,40.459999084472656,41.0,41.27000045776367,39.70000076293945,2478500,0.29000091552734375,0.7219341019326606,0.7599983215332031,1.5699996948242188,RRRP3.SA
2022-05-11 00:00:00-03:00,41.52000045776367,41.369998931884766,43.400001525878906,41.15999984741211,3846600,1.0600013732910156,2.6198749314797,0.3600006103515625,2.240001678466797,RRRP3.SA
2022-05-12 00:00:00-03:00,41.09000015258789,41.16999816894531,41.4900016784668,40.400001525878906,3249000,-0.43000030517578125,-1.0356461956526175,0.6899986267089844,1.0900001525878906,RRRP3.SA
2022-05-13 00:00:00-03:00,42.27000045776367,41.849998474121094,43.20000076293945,41.099998474121094,3624900,1.1800003051757812,2.871745682146127,1.1700019836425781,2.1000022888183594,RRRP3.SA
2022-05-16 00:00:00-03:00,43.029998779296875,42.189998626708984,43.52000045776367,42.0,1900200,0.7599983215332031,1.797961469843358,1.029998779296875,1.5200004577636719,RRRP3.SA
2022-05-17 00:00:00-03:00,43.16999816894531,43.599998474121094,44.0,42.77000045776367,2551600,0.1399993896484375,0.3253529947014471,0.3999977111816406,1.2299995422363281,RRRP3.SA
2022-05-18 00:00:00-03:00,41.36000061035156,43.56999969482422,43.65999984741211,41.08000183105469,1836800,-1.80999755859375,-4.192720952894987,0.279998779296875,2.579998016357422,RRRP3.SA
2022-05-19 00:00:00-03:00,41.83000183105469,40.56999969482422,42.099998474121094,40.5,2010400,0.470001220703125,1.136366571004089,1.3300018310546875,1.5999984741210938,RRRP3.SA
2022-05-20 00:00:00-03:00,42.560001373291016,42.130001068115234,43.369998931884766,41.5,2230900,0.7299995422363281,1.7451578060758663,1.0600013732910156,1.8699989318847656,RRRP3.SA
2022-05-23 00:00:00-03:00,43.720001220703125,42.83000183105469,44.25,42.7599983215332,3347200,1.1599998474121094,2.7255634633040273,0.9600028991699219,1.4900016784667969,RRRP3.SA
2022-05-24 00:00:00-03:00,45.20000076293945,42.880001068115234,45.380001068115234,42.720001220703125,2549200,1.4799995422363281,3.3851772664989994,2.479999542236328,2.6599998474121094,RRRP3.SA
2022-05-25 00:00:00-03:00,46.599998474121094,44.97999954223633,47.34000015258789,44.84000015258789,4252200,1.3999977111816406,3.0973400167053313,1.7599983215332031,2.5,RRRP3.SA
2022-05-26 00:00:00-03:00,48.18000030517578,46.790000915527344,48.77000045776367,46.63999938964844,4510900,1.5800018310546875,3.3905619802372513,1.5400009155273438,2.1300010681152344,RRRP3.SA
2022-05-27 00:00:00-03:00,48.959999084472656,48.290000915527344,49.400001525878906,47.880001068115234,2642800,0.779998779296875,1.6189264723044943,1.0799980163574219,1.5200004577636719,RRRP3.SA
2022-05-30 00:00:00-03:00,49.310001373291016,49.400001525878906,49.83000183105469,48.869998931884766,2290300,0.3500022888183594,0.7148739692876376,0.44000244140625,0.9600028991699219,RRRP3.SA
2022-05-31 00:00:00-03:00,48.75,49.86000061035156,51.22999954223633,48.720001220703125,6224300,-0.5600013732910156,-1.1356750308150367,0.029998779296875,2.509998321533203,RRRP3.SA
2022-06-01 00:00:00-03:00,48.77000045776367,48.599998474121094,49.91999816894531,48.02000045776367,2127600,0.020000457763671875,0.0410265800280456,0.75,1.8999977111816406,RRRP3.SA
2022-06-02 00:00:00-03:00,48.560001373291016,48.45000076293945,49.880001068115234,48.220001220703125,3240500,-0.20999908447265625,-0.43059069612787937,0.3400001525878906,1.6599998474121094,RRRP3.SA
2022-06-03 00:00:00-03:00,48.599998474121094,48.560001373291016,48.869998931884766,47.58000183105469,2604100,0.039997100830078125,0.08236635028613648,1.0199966430664062,1.2899971008300781,RRRP3.SA
2022-06-06 00:00:00-03:00,46.86000061035156,48.7599983215332,49.06999969482422,46.66999816894531,1684600,-1.7399978637695312,-3.580242630452048,0.19000244140625,2.4000015258789062,RRRP3.SA
2022-06-07 00:00:00-03:00,46.86000061035156,46.5099983215332,47.400001525878906,46.2599983215332,1858200,0.0,0.0,0.6000022888183594,1.1400032043457031,RRRP3.SA
2022-06-08 00:00:00-03:00,46.790000915527344,46.86000061035156,47.56999969482422,46.45000076293945,1890600,-0.06999969482421875,-0.14938048210088084,0.3400001525878906,1.1199989318847656,RRRP3.SA
2022-06-09 00:00:00-03:00,46.02000045776367,46.7599983215332,47.150001525878906,45.83000183105469,1619100,-0.7700004577636719,-1.6456517262177357,0.18999862670898438,1.3199996948242188,RRRP3.SA
2022-06-10 00:00:00-03:00,44.56999969482422,45.540000915527344,45.72999954223633,44.40999984741211,3082800,-1.4500007629394531,-3.1508056247636063,0.15999984741210938,1.3199996948242188,RRRP3.SA
2022-06-13 00:00:00-03:00,42.65999984741211,43.619998931884766,43.849998474121094,41.720001220703125,2820800,-1.9099998474121094,-4.285393449607568,0.9399986267089844,2.1299972534179688,RRRP3.SA
2022-06-14 00:00:00-03:00,40.84000015258789,43.31999969482422,43.47999954223633,40.36000061035156,4323600,-1.8199996948242188,-4.266290907956076,0.4799995422363281,3.1199989318847656,RRRP3.SA
2022-06-15 00:00:00-03:00,40.61000061035156,41.5,42.56999969482422,40.150001525878906,4704300,-0.22999954223632812,-0.5631722364764755,0.45999908447265625,2.4199981689453125,RRRP3.SA
2022-06-17 00:00:00-03:00,36.75,39.900001525878906,39.900001525878906,35.91999816894531,7622700,-3.8600006103515625,-9.50504937783144,0.8300018310546875,3.9800033569335938,RRRP3.SA
2022-06-20 00:00:00-03:00,35.70000076293945,36.02000045776367,36.29999923706055,33.86000061035156,6557200,-1.0499992370605469,-2.8571407811171383,1.8400001525878906,2.4399986267089844,RRRP3.SA
2022-06-21 00:00:00-03:00,36.400001525878906,36.7599983215332,36.900001525878906,35.93000030517578,5082900,0.7000007629394531,1.9607864089071114,0.470001220703125,0.970001220703125,RRRP3.SA
2022-06-22 00:00:00-03:00,33.970001220703125,34.599998474121094,35.18000030517578,33.779998779296875,5408400,-2.4300003051757812,-6.675824734370281,0.19000244140625,1.4000015258789062,RRRP3.SA
2022-06-23 00:00:00-03:00,32.79999923706055,34.369998931884766,34.70000076293945,32.529998779296875,5104400,-1.1700019836425781,-3.4442211998788963,0.2700004577636719,2.170001983642578,RRRP3.SA
2022-06-24 00:00:00-03:00,34.189998626708984,33.7599983215332,34.5,32.4900016784668,3908700,1.3899993896484375,4.237803115793625,1.6999969482421875,2.009998321533203,RRRP3.SA
2022-06-27 00:00:00-03:00,36.380001068115234,34.939998626708984,36.599998474121094,34.400001525878906,5501900,2.19000244140625,6.405389088537248,1.9799995422363281,2.1999969482421875,RRRP3.SA
2022-06-28 00:00:00-03:00,36.15999984741211,37.22999954223633,37.52000045776367,35.7599983215332,4205000,-0.220001220703125,-0.604731210126161,0.40000152587890625,1.7600021362304688,RRRP3.SA
2022-06-29 00:00:00-03:00,35.900001525878906,36.5,36.619998931884766,35.25,2649000,-0.2599983215332031,-0.7190219099290402,0.6500015258789062,1.3699989318847656,RRRP3.SA
2022-06-30 00:00:00-03:00,35.150001525878906,34.9900016784668,35.58000183105469,34.400001525878906,3583300,-0.75,-2.089136401454894,0.75,1.1800003051757812,RRRP3.SA
2022-07-01 00:00:00-03:00,35.59000015258789,35.2599983215332,35.88999938964844,34.790000915527344,2523600,0.4399986267089844,1.2517741325986549,0.7999992370605469,1.0999984741210938,RRRP3.SA
2022-07-04 00:00:00-03:00,36.279998779296875,35.75,36.81999969482422,35.36000061035156,2322800,0.6899986267089844,1.9387429720446647,0.9199981689453125,1.4599990844726562,RRRP3.SA
2022-07-05 00:00:00-03:00,33.58000183105469,35.5099983215332,35.56999969482422,33.47999954223633,6359700,-2.6999969482421875,-7.442108707519964,0.10000228881835938,2.0900001525878906,RRRP3.SA
2022-07-06 00:00:00-03:00,31.700000762939453,33.88999938964844,33.90999984741211,30.899999618530273,9524800,-1.8800010681152344,-5.598573453252811,0.8000011444091797,3.010000228881836,RRRP3.SA
2022-07-07 00:00:00-03:00,31.899999618530273,32.900001525878906,33.189998626708984,31.899999618530273,6423200,0.1999988555908203,0.6309112011903721,0.0,1.289999008178711,RRRP3.SA
2022-07-08 00:00:00-03:00,32.900001525878906,32.380001068115234,33.59000015258789,32.2599983215332,4307800,1.0000019073486328,3.1348022548807393,0.6400032043457031,1.3300018310546875,RRRP3.SA
2022-07-11 00:00:00-03:00,32.369998931884766,31.899999618530273,32.4900016784668,31.6200008392334,3304700,-0.5300025939941406,-1.6109500590060577,0.7499980926513672,0.8700008392333984,RRRP3.SA
2022-07-12 00:00:00-03:00,30.280000686645508,31.34000015258789,31.780000686645508,30.010000228881836,6285500,-2.089998245239258,-6.456590405323084,0.2700004577636719,1.7700004577636719,RRRP3.SA
2022-07-13 00:00:00-03:00,28.600000381469727,30.149999618530273,30.149999618530273,28.600000381469727,8842600,-1.6800003051757812,-5.548217526681626,0.0,1.5499992370605469,RRRP3.SA
2022-07-14 00:00:00-03:00,29.110000610351562,27.799999237060547,29.5,26.860000610351562,9474100,0.5100002288818359,1.7832175597181816,2.25,2.6399993896484375,RRRP3.SA
2022-07-15 00:00:00-03:00,28.739999771118164,30.049999237060547,30.059999465942383,28.739999771118164,4546600,-0.37000083923339844,-1.271043735745664,0.0,1.3199996948242188,RRRP3.SA
2022-07-18 00:00:00-03:00,29.389999389648438,29.459999084472656,30.100000381469727,29.1200008392334,4504700,0.6499996185302734,2.2616549189519475,0.26999855041503906,0.9799995422363281,RRRP3.SA
2022-07-19 00:00:00-03:00,30.440000534057617,29.100000381469727,30.540000915527344,29.06999969482422,4499100,1.0500011444091797,3.5726477244467247,1.3700008392333984,1.470001220703125,RRRP3.SA
2022-07-20 00:00:00-03:00,31.639999389648438,30.209999084472656,32.029998779296875,30.209999084472656,4949200,1.1999988555908203,3.9421775116206277,1.4300003051757812,1.8199996948242188,RRRP3.SA
2022-07-21 00:00:00-03:00,30.450000762939453,30.8799991607666,30.8799991607666,29.81999969482422,5352700,-1.1899986267089844,-3.7610576790918486,0.6300010681152344,1.0599994659423828,RRRP3.SA
2022-07-22 00:00:00-03:00,29.43000030517578,30.149999618530273,30.329999923706055,29.34000015258789,3958500,-1.0200004577636719,-3.349755113980521,0.09000015258789062,0.9899997711181641,RRRP3.SA
2022-07-25 00:00:00-03:00,30.260000228881836,29.860000610351562,30.729999542236328,29.399999618530273,3467100,0.8299999237060547,2.8202511556212357,0.8600006103515625,1.3299999237060547,RRRP3.SA
2022-07-26 00:00:00-03:00,29.940000534057617,30.899999618530273,31.18000030517578,29.790000915527344,2938000,-0.31999969482421875,-1.057500635835396,0.14999961853027344,1.3899993896484375,RRRP3.SA
2022-07-27 00:00:00-03:00,30.670000076293945,29.940000534057617,30.780000686645508,29.59000015258789,2515000,0.7299995422363281,2.438208180410456,1.0799999237060547,1.1900005340576172,RRRP3.SA
2022-07-28 00:00:00-03:00,31.829999923706055,30.979999542236328,31.940000534057617,30.540000915527344,4143400,1.1599998474121094,3.7821970802951483,1.289999008178711,1.3999996185302734,RRRP3.SA
2022-07-29 00:00:00-03:00,34.02000045776367,32.4900016784668,34.56999969482422,32.310001373291016,5182300,2.190000534057617,6.880303296597148,1.7099990844726562,2.259998321533203,RRRP3.SA
2022-08-01 00:00:00-03:00,32.400001525878906,33.0099983215332,33.29999923706055,32.220001220703125,2671100,-1.6199989318847656,-4.761901558161412,0.18000030517578125,1.0799980163574219,RRRP3.SA
2022-08-02 00:00:00-03:00,32.939998626708984,32.38999938964844,33.16999816894531,32.0,2973200,0.5399971008300781,1.6666576401200643,0.9399986267089844,1.1699981689453125,RRRP3.SA
2022-08-03 00:00:00-03:00,32.7400016784668,34.83000183105469,35.0,32.650001525878906,4663000,-0.1999969482421875,-0.6071553023078167,0.09000015258789062,2.3499984741210938,RRRP3.SA
2022-08-04 00:00:00-03:00,32.68000030517578,32.90999984741211,33.34000015258789,32.16999816894531,3788600,-0.060001373291015625,-0.18326624989295226,0.5100021362304688,1.1700019836425781,RRRP3.SA
2022-08-05 00:00:00-03:00,33.599998474121094,32.40999984741211,34.20000076293945,32.11000061035156,2906200,0.9199981689453125,2.815171849308726,1.4899978637695312,2.0900001525878906,RRRP3.SA
2022-08-08 00:00:00-03:00,34.279998779296875,33.54999923706055,34.59000015258789,33.25,3115800,0.6800003051757812,2.023810523978213,1.029998779296875,1.3400001525878906,RRRP3.SA
2022-08-09 00:00:00-03:00,34.459999084472656,34.33000183105469,34.91999816894531,33.900001525878906,2105800,0.18000030517578125,0.5250884235284445,0.55999755859375,1.0199966430664062,RRRP3.SA
2022-08-10 00:00:00-03:00,34.400001525878906,34.77000045776367,35.130001068115234,33.9900016784668,3273700,-0.05999755859375,-0.17410783571605748,0.4099998474121094,1.1399993896484375,RRRP3.SA
2022-08-11 00:00:00-03:00,34.65999984741211,34.290000915527344,35.15999984741211,33.459999084472656,4807100,0.2599983215332031,0.7558090406990488,1.2000007629394531,1.7000007629394531,RRRP3.SA
2022-08-12 00:00:00-03:00,34.79999923706055,34.88999938964844,35.75,34.349998474121094,3814100,0.1399993896484375,0.403922072316135,0.4500007629394531,1.4000015258789062,RRRP3.SA
2022-08-15 00:00:00-03:00,33.58000183105469,33.47999954223633,33.880001068115234,33.150001525878906,4452600,-1.2199974060058594,-3.505739749288878,0.43000030517578125,0.7299995422363281,RRRP3.SA
2022-08-16 00:00:00-03:00,33.369998931884766,33.5,33.720001220703125,32.810001373291016,2642300,-0.21000289916992188,-0.625380844904285,0.55999755859375,0.9099998474121094,RRRP3.SA
2022-08-17 00:00:00-03:00,33.63999938964844,32.900001525878906,34.04999923706055,32.88999938964844,3010000,0.2700004577636719,0.8091113767033704,0.75,1.1599998474121094,RRRP3.SA
2022-08-18 00:00:00-03:00,35.130001068115234,34.349998474121094,35.540000915527344,33.720001220703125,4600400,1.4900016784667969,4.429255961655258,1.4099998474121094,1.8199996948242188,RRRP3.SA
2022-08-19 00:00:00-03:00,34.83000183105469,34.689998626708984,34.9900016784668,33.529998779296875,5246100,-0.2999992370605469,-0.8539687672621028,1.3000030517578125,1.4600028991699219,RRRP3.SA
2022-08-22 00:00:00-03:00,34.22999954223633,34.470001220703125,34.7599983215332,33.630001068115234,3353500,-0.6000022888183594,-1.7226593662805811,0.5999984741210938,1.1299972534179688,RRRP3.SA
2022-08-23 00:00:00-03:00,36.310001373291016,34.599998474121094,36.75,34.56999969482422,5617200,2.0800018310546875,6.076546476397638,1.7400016784667969,2.1800003051757812,RRRP3.SA
2022-08-24 00:00:00-03:00,36.81999969482422,36.40999984741211,37.060001373291016,36.08000183105469,3735500,0.5099983215332031,1.4045670675968296,0.7399978637695312,0.9799995422363281,RRRP3.SA
2022-08-25 00:00:00-03:00,36.95000076293945,37.08000183105469,37.810001373291016,36.599998474121094,2806000,0.13000106811523438,0.3530718880845285,0.3500022888183594,1.2100028991699219,RRRP3.SA
2022-08-26 00:00:00-03:00,37.08000183105469,37.0,37.43000030517578,36.65999984741211,2067900,0.13000106811523438,0.35182967640321294,0.4200019836425781,0.7700004577636719,RRRP3.SA
2022-08-29 00:00:00-03:00,37.79999923706055,36.900001525878906,39.15999984741211,36.900001525878906,4643300,0.7199974060058594,1.9417404812608652,0.8999977111816406,2.259998321533203,RRRP3.SA
2022-08-30 00:00:00-03:00,37.20000076293945,37.529998779296875,38.029998779296875,36.47999954223633,5104200,-0.5999984741210938,-1.5872975826222557,0.720001220703125,1.5499992370605469,RRRP3.SA
2022-08-31 00:00:00-03:00,37.38999938964844,37.13999938964844,37.70000076293945,36.41999816894531,3341300,0.18999862670898438,0.5107489860545087,0.970001220703125,1.2800025939941406,RRRP3.SA
2022-09-01 00:00:00-03:00,36.790000915527344,37.060001373291016,37.459999084472656,36.20000076293945,3288100,-0.5999984741210938,-1.6047030861605407,0.5900001525878906,1.2599983215332031,RRRP3.SA
2022-09-02 00:00:00-03:00,37.27000045776367,37.459999084472656,38.33000183105469,36.849998474121094,3780800,0.4799995422363281,1.3047010880441263,0.4200019836425781,1.4800033569335938,RRRP3.SA
2022-09-05 00:00:00-03:00,38.56999969482422,38.150001525878906,38.970001220703125,38.150001525878906,4517600,1.2999992370605469,3.4880580120565696,0.4199981689453125,0.8199996948242188,RRRP3.SA
2022-09-06 00:00:00-03:00,37.68000030517578,38.0,38.189998626708984,37.08000183105469,3508100,-0.8899993896484375,-2.3074913059122224,0.5999984741210938,1.1099967956542969,RRRP3.SA
2022-09-08 00:00:00-03:00,36.16999816894531,37.08000183105469,37.099998474121094,35.27000045776367,5557300,-1.5100021362304688,-4.007436634821502,0.8999977111816406,1.8299980163574219,RRRP3.SA
2022-09-09 00:00:00-03:00,37.150001525878906,37.0099983215332,37.61000061035156,36.81999969482422,3489300,0.9800033569335938,2.709437120665939,0.3300018310546875,0.7900009155273438,RRRP3.SA
2022-09-12 00:00:00-03:00,37.25,38.0,38.43000030517578,37.04999923706055,3691300,0.09999847412109375,0.2691748856361045,0.20000076293945312,1.3800010681152344,RRRP3.SA
2022-09-13 00:00:00-03:00,37.13999938964844,37.0,37.91999816894531,36.959999084472656,3972400,-0.1100006103515625,-0.2953036519505048,0.18000030517578125,0.9599990844726562,RRRP3.SA
2022-09-14 00:00:00-03:00,38.52000045776367,37.279998779296875,38.849998474121094,37.189998626708984,3993900,1.3800010681152344,3.7156733731661404,1.3300018310546875,1.6599998474121094,RRRP3.SA
2022-09-15 00:00:00-03:00,37.68000030517578,38.52000045776367,38.52000045776367,37.400001525878906,3490500,-0.8400001525878906,-2.18068572846704,0.279998779296875,1.1199989318847656,RRRP3.SA
2022-09-16 00:00:00-03:00,38.04999923706055,37.369998931884766,38.04999923706055,37.0,2928300,0.3699989318847656,0.9819504482168071,1.0499992370605469,1.0499992370605469,RRRP3.SA
2022-09-19 00:00:00-03:00,38.099998474121094,37.0099983215332,38.66999816894531,37.0099983215332,3407800,0.049999237060546875,0.13140404221572055,1.0900001525878906,1.6599998474121094,RRRP3.SA
2022-09-20 00:00:00-03:00,38.81999969482422,38.5,39.25,37.7400016784668,5607700,0.720001220703125,1.8897670591566396,1.0799980163574219,1.5099983215332031,RRRP3.SA
2022-09-21 00:00:00-03:00,39.33000183105469,39.22999954223633,40.11000061035156,38.900001525878906,4616200,0.5100021362304688,1.3137613092214053,0.43000030517578125,1.2099990844726562,RRRP3.SA
2022-09-22 00:00:00-03:00,39.540000915527344,39.880001068115234,40.119998931884766,38.47999954223633,4034500,0.20999908447265625,0.5339412018710874,1.0600013732910156,1.6399993896484375,RRRP3.SA
2022-09-23 00:00:00-03:00,37.349998474121094,38.45000076293945,38.68000030517578,37.08000183105469,6160300,-2.19000244140625,-5.5387010386897515,0.26999664306640625,1.5999984741210938,RRRP3.SA
2022-09-26 00:00:00-03:00,34.79999923706055,37.02000045776367,37.060001373291016,34.56999969482422,5675200,-2.549999237060547,-6.827307473191411,0.22999954223632812,2.490001678466797,RRRP3.SA
2022-09-27 00:00:00-03:00,34.7599983215332,35.619998931884766,35.619998931884766,34.459999084472656,5395400,-0.04000091552734375,-0.11494516208134087,0.2999992370605469,1.1599998474121094,RRRP3.SA
2022-09-28 00:00:00-03:00,35.75,34.810001373291016,36.189998626708984,34.31999969482422,4331200,0.9900016784667969,2.8481062320808803,1.4300003051757812,1.8699989318847656,RRRP3.SA
2022-09-29 00:00:00-03:00,35.060001373291016,35.790000915527344,35.869998931884766,34.220001220703125,4429600,-0.6899986267089844,-1.9300660886964636,0.8400001525878906,1.6499977111816406,RRRP3.SA
2022-09-30 00:00:00-03:00,35.61000061035156,34.70000076293945,36.5099983215332,34.38999938964844,3589700,0.5499992370605469,1.5687370665066283,1.220001220703125,2.1199989318847656,RRRP3.SA
2022-10-03 00:00:00-03:00,38.04999923706055,37.5,38.16999816894531,36.72999954223633,4351000,2.4399986267089844,6.852003889041484,1.3199996948242188,1.4399986267089844,RRRP3.SA
2022-10-04 00:00:00-03:00,41.599998474121094,38.560001373291016,42.56999969482422,38.560001373291016,13509800,3.549999237060547,9.329827354116901,3.039997100830078,4.009998321533203,RRRP3.SA
2022-10-05 00:00:00-03:00,43.04999923706055,42.0,43.93000030517578,41.93000030517578,6819700,1.4500007629394531,3.485578884916265,1.1199989318847656,2.0,RRRP3.SA
2022-10-06 00:00:00-03:00,43.0099983215332,43.560001373291016,43.70000076293945,42.630001068115234,3177800,-0.04000091552734375,-0.09291734317362454,0.37999725341796875,1.0699996948242188,RRRP3.SA
2022-10-07 00:00:00-03:00,42.88999938964844,43.0099983215332,43.900001525878906,42.630001068115234,3448500,-0.11999893188476562,-0.279002410062148,0.2599983215332031,1.2700004577636719,RRRP3.SA
2022-10-10 00:00:00-03:00,43.02000045776367,42.97999954223633,43.88999938964844,42.66999816894531,3340900,0.13000106811523438,0.3031034506067414,0.3500022888183594,1.220001220703125,RRRP3.SA
2022-10-11 00:00:00-03:00,42.470001220703125,42.70000076293945,42.869998931884766,41.63999938964844,4018000,-0.5499992370605469,-1.278473340790697,0.8300018310546875,1.2299995422363281,RRRP3.SA
2022-10-13 00:00:00-03:00,42.70000076293945,41.54999923706055,43.29999923706055,41.04999923706055,3055600,0.22999954223632812,0.5415576539334097,1.6500015258789062,2.25,RRRP3.SA
2022-10-14 00:00:00-03:00,40.22999954223633,42.4900016784668,42.939998626708984,39.880001068115234,4539500,-2.470001220703125,-5.784546080961448,0.34999847412109375,3.05999755859375,RRRP3.SA
2022-10-17 00:00:00-03:00,40.560001373291016,40.790000915527344,41.529998779296875,40.220001220703125,2729300,0.3300018310546875,0.8202879314185196,0.3400001525878906,1.30999755859375,RRRP3.SA
2022-10-18 00:00:00-03:00,41.61000061035156,41.0,41.93000030517578,40.7599983215332,2940400,1.0499992370605469,2.5887554277845197,0.8500022888183594,1.1700019836425781,RRRP3.SA
2022-10-19 00:00:00-03:00,44.09000015258789,41.619998931884766,44.2599983215332,41.619998931884766,6045800,2.479999542236328,5.960104556257477,2.470001220703125,2.6399993896484375,RRRP3.SA
2022-10-20 00:00:00-03:00,44.58000183105469,44.470001220703125,45.79999923706055,43.939998626708984,5195600,0.4900016784667969,1.1113669239532413,0.6400032043457031,1.8600006103515625,RRRP3.SA
2022-10-21 00:00:00-03:00,45.72999954223633,44.43000030517578,46.20000076293945,43.86000061035156,5277400,1.1499977111816406,2.5796268818915706,1.8699989318847656,2.3400001525878906,RRRP3.SA
2022-10-24 00:00:00-03:00,45.06999969482422,45.0,45.84000015258789,44.54999923706055,2531600,-0.6599998474121094,-1.4432535622540996,0.5200004577636719,1.2900009155273438,RRRP3.SA
2022-10-25 00:00:00-03:00,44.150001525878906,44.90999984741211,46.2400016784668,43.970001220703125,3312500,-0.9199981689453125,-2.041265088029192,0.18000030517578125,2.270000457763672,RRRP3.SA
2022-10-26 00:00:00-03:00,43.650001525878906,43.939998626708984,44.869998931884766,43.43000030517578,2801500,-0.5,-1.1325027921163695,0.220001220703125,1.4399986267089844,RRRP3.SA
2022-10-27 00:00:00-03:00,43.70000076293945,43.75,44.77000045776367,43.349998474121094,2785400,0.049999237060546875,0.11454578536704219,0.3500022888183594,1.4200019836425781,RRRP3.SA
2022-10-28 00:00:00-03:00,43.56999969482422,43.27000045776367,44.029998779296875,43.0099983215332,2116200,-0.13000106811523438,-0.2974852765345588,0.5600013732910156,1.0200004577636719,RRRP3.SA
2022-10-31 00:00:00-03:00,46.5,42.400001525878906,46.70000076293945,42.119998931884766,4968400,2.9300003051757812,6.724811397058247,4.380001068115234,4.5800018310546875,RRRP3.SA
2022-11-01 00:00:00-03:00,47.04999923706055,47.599998474121094,48.84000015258789,46.22999954223633,4970700,0.5499992370605469,1.1827940581947303,0.8199996948242188,2.6100006103515625,RRRP3.SA
2022-11-03 00:00:00-03:00,47.880001068115234,46.5099983215332,48.0099983215332,46.029998779296875,3212200,0.8300018310546875,1.7640846854698964,1.8500022888183594,1.9799995422363281,RRRP3.SA
2022-11-04 00:00:00-03:00,51.310001373291016,48.63999938964844,51.58000183105469,48.63999938964844,6330300,3.4300003051757812,7.163743167624787,2.670001983642578,2.94000244140625,RRRP3.SA
2022-11-07 00:00:00-03:00,48.7599983215332,50.349998474121094,51.2400016784668,48.599998474121094,3809400,-2.5500030517578125,-4.9697972783239805,0.15999984741210938,2.640003204345703,RRRP3.SA
2022-11-08 00:00:00-03:00,47.0,48.599998474121094,48.75,46.16999816894531,4670300,-1.7599983215332031,-3.6095126786662775,0.8300018310546875,2.5800018310546875,RRRP3.SA
2022-11-09 00:00:00-03:00,46.209999084472656,46.900001525878906,48.08000183105469,45.7400016784668,4808000,-0.7900009155273438,-1.6808530117603055,0.4699974060058594,2.3400001525878906,RRRP3.SA
2022-11-10 00:00:00-03:00,43.4900016784668,45.13999938964844,46.20000076293945,43.060001373291016,5368300,-2.7199974060058594,-5.886166327408191,0.43000030517578125,3.1399993896484375,RRRP3.SA
2022-11-11 00:00:00-03:00,43.5099983215332,44.20000076293945,44.66999816894531,42.84000015258789,4455000,0.01999664306640625,0.04597986271475918,0.6699981689453125,1.8299980163574219,RRRP3.SA
2022-11-14 00:00:00-03:00,43.45000076293945,43.650001525878906,43.97999954223633,42.36000061035156,4242900,-0.05999755859375,-0.1378937276677732,1.0900001525878906,1.6199989318847656,RRRP3.SA
2022-11-16 00:00:00-03:00,41.380001068115234,43.70000076293945,43.869998931884766,40.59000015258789,5630300,-2.0699996948242188,-4.7640958768171515,0.7900009155273438,3.279998779296875,RRRP3.SA
2022-11-17 00:00:00-03:00,38.81999969482422,39.36000061035156,39.630001068115234,37.29999923706055,8565000,-2.5600013732910156,-6.186566716315497,1.5200004577636719,2.3300018310546875,RRRP3.SA
2022-11-18 00:00:00-03:00,38.18000030517578,39.25,40.04999923706055,37.959999084472656,4799800,-0.6399993896484375,-1.6486331650686878,0.220001220703125,2.0900001525878906,RRRP3.SA
2022-11-21 00:00:00-03:00,37.650001525878906,37.70000076293945,38.97999954223633,36.529998779296875,4593000,-0.529998779296875,-1.3881581326887158,1.1200027465820312,2.450000762939453,RRRP3.SA
2022-11-22 00:00:00-03:00,36.939998626708984,38.650001525878906,39.310001373291016,36.619998931884766,4803300,-0.7100028991699219,-1.88579779653368,0.31999969482421875,2.69000244140625,RRRP3.SA
2022-11-23 00:00:00-03:00,35.459999084472656,36.58000183105469,36.810001373291016,35.0,5556500,-1.4799995422363281,-4.006495931936044,0.45999908447265625,1.8100013732910156,RRRP3.SA
2022-11-24 00:00:00-03:00,37.400001525878906,35.900001525878906,37.619998931884766,35.68000030517578,4395600,1.94000244140625,5.470960212900138,1.720001220703125,1.9399986267089844,RRRP3.SA
2022-11-25 00:00:00-03:00,35.400001525878906,37.400001525878906,37.7400016784668,35.27000045776367,4329800,-2.0,-5.34759336471177,0.13000106811523438,2.470001220703125,RRRP3.SA
2022-11-28 00:00:00-03:00,34.790000915527344,34.5,35.27000045776367,34.040000915527344,4013600,-0.6100006103515625,-1.7231654916896701,0.75,1.2299995422363281,RRRP3.SA
2022-11-29 00:00:00-03:00,35.88999938964844,35.599998474121094,36.630001068115234,35.099998474121094,3581700,1.0999984741210938,3.161823642350484,0.7900009155273438,1.5300025939941406,RRRP3.SA
2022-11-30 00:00:00-03:00,36.9900016784668,36.40999984741211,37.150001525878906,35.5,5599600,1.1000022888183594,3.0649270201314778,1.4900016784667969,1.6500015258789062,RRRP3.SA
2022-12-01 00:00:00-03:00,36.13999938964844,36.9900016784668,37.58000183105469,35.959999084472656,4110800,-0.8500022888183594,-2.297924439709277,0.18000030517578125,1.6200027465820312,RRRP3.SA
2022-12-02 00:00:00-03:00,36.59000015258789,36.31999969482422,36.77000045776367,35.5,2474700,0.4500007629394531,1.2451598520733427,1.0900001525878906,1.2700004577636719,RRRP3.SA
2022-12-05 00:00:00-03:00,35.20000076293945,36.779998779296875,37.099998474121094,34.91999816894531,5077900,-1.3899993896484375,-3.7988504614699394,0.2800025939941406,2.1800003051757812,RRRP3.SA
2022-12-06 00:00:00-03:00,33.95000076293945,35.16999816894531,35.459999084472656,33.560001373291016,5691000,-1.25,-3.551136286667557,0.3899993896484375,1.8999977111816406,RRRP3.SA
2022-12-07 00:00:00-03:00,33.27000045776367,33.810001373291016,34.150001525878906,32.900001525878906,3702700,-0.6800003051757812,-2.002946361986787,0.3699989318847656,1.25,RRRP3.SA
2022-12-08 00:00:00-03:00,33.29999923706055,33.470001220703125,34.31999969482422,32.9900016784668,3526100,0.029998779296875,0.09016765519723435,0.30999755859375,1.3299980163574219,RRRP3.SA
2022-12-09 00:00:00-03:00,32.77000045776367,33.31999969482422,33.86000061035156,32.560001373291016,2840800,-0.529998779296875,-1.5915879622814657,0.20999908447265625,1.2999992370605469,RRRP3.SA
2022-12-12 00:00:00-03:00,33.33000183105469,32.66999816894531,33.52000045776367,32.119998931884766,3392100,0.5600013732910156,1.7088842400621473,1.2100028991699219,1.4000015258789062,RRRP3.SA
2022-12-13 00:00:00-03:00,33.630001068115234,33.5,34.54999923706055,33.06999969482422,3316700,0.2999992370605469,0.9000876705053997,0.5600013732910156,1.4799995422363281,RRRP3.SA
2022-12-14 00:00:00-03:00,33.5,33.59000015258789,34.529998779296875,33.09000015258789,5697600,-0.13000106811523438,-0.38656278318852344,0.4099998474121094,1.4399986267089844,RRRP3.SA
2022-12-15 00:00:00-03:00,32.869998931884766,33.0099983215332,33.54999923706055,32.70000076293945,4400100,-0.6300010681152344,-1.8806002033290525,0.1699981689453125,0.8499984741210938,RRRP3.SA
2022-12-16 00:00:00-03:00,32.849998474121094,32.66999816894531,32.91999816894531,31.450000762939453,6451000,-0.020000457763671875,-0.060847150634586455,1.3999977111816406,1.4699974060058594,RRRP3.SA
2022-12-19 00:00:00-03:00,31.850000381469727,33.45000076293945,33.4900016784668,31.65999984741211,5099300,-0.9999980926513672,-3.0441343656047763,0.1900005340576172,1.8300018310546875,RRRP3.SA
2022-12-20 00:00:00-03:00,32.709999084472656,31.809999465942383,32.91999816894531,31.670000076293945,3418500,0.8599987030029297,2.7001528813270426,1.039999008178711,1.2499980926513672,RRRP3.SA
2022-12-21 00:00:00-03:00,33.290000915527344,33.45000076293945,33.61000061035156,32.290000915527344,3877000,0.5800018310546875,1.7731637031136813,1.0,1.3199996948242188,RRRP3.SA
2022-12-22 00:00:00-03:00,33.099998474121094,33.52000045776367,33.900001525878906,32.61000061035156,3762900,-0.19000244140625,-0.570749282610052,0.48999786376953125,1.2900009155273438,RRRP3.SA
2022-12-23 00:00:00-03:00,35.86000061035156,34.29999923706055,36.06999969482422,33.79999923706055,6847600,2.7600021362304688,8.338375418320183,2.0600013732910156,2.270000457763672,RRRP3.SA
