,Data compra,Valor compra,Data venda,Valor venda,Lucro,Taxa retorno,ticker
0,2000-01-21 00:00:00-02:00,3.925781011581421,2000-02-08 00:00:00-02:00,4.6875,0.7617189884185791,17.733407601441616,PETR3.SA
1,2000-02-22 00:00:00-02:00,4.558592796325684,2000-03-08 00:00:00-03:00,5.191405773162842,0.6328129768371582,12.99905437790764,PETR3.SA
2,2000-03-20 00:00:00-03:00,4.933592796325684,2000-04-07 00:00:00-03:00,5.214725971221924,0.28113317489624023,5.541905623720998,PETR3.SA
3,2000-05-12 00:00:00-03:00,4.160037994384766,2000-06-02 00:00:00-03:00,5.273437023162842,1.1133990287780762,23.715812903342236,PETR3.SA
4,2000-06-14 00:00:00-03:00,5.320312023162842,2000-06-27 00:00:00-03:00,6.487500190734863,1.1671881675720215,19.83453252882599,PETR3.SA
5,2000-07-18 00:00:00-03:00,5.900000095367432,2000-07-21 00:00:00-03:00,6.25,0.34999990463256836,5.762909667266503,PETR3.SA
6,2000-08-09 00:00:00-03:00,5.650000095367432,2000-08-29 00:00:00-03:00,7.06374979019165,1.4137496948242188,22.33204802222547,PETR3.SA
7,2000-09-19 00:00:00-03:00,6.800000190734863,2000-10-13 00:00:00-02:00,7.212500095367432,0.41249990463256836,5.889300482543352,PETR3.SA
8,2000-10-25 00:00:00-02:00,6.3125,2000-11-07 00:00:00-02:00,7.098750114440918,0.786250114440918,11.73869337293044,PETR3.SA
9,2000-11-30 00:00:00-02:00,6.37375020980835,2000-12-05 00:00:00-02:00,6.4375,0.06374979019165039,0.9952239685058487,PETR3.SA
10,2000-12-27 00:00:00-02:00,5.951250076293945,2001-01-17 00:00:00-02:00,7.172500133514404,1.221250057220459,18.665299314173804,PETR3.SA
11,2001-02-02 00:00:00-02:00,6.824999809265137,2001-02-14 00:00:00-02:00,7.388750076293945,0.5637502670288086,7.936627035760973,PETR3.SA
12,2001-03-26 00:00:00-03:00,6.37624979019165,2001-04-10 00:00:00-03:00,6.949999809265137,0.5737500190734863,8.616151478249831,PETR3.SA
13,2001-04-20 00:00:00-03:00,6.5625,2001-05-10 00:00:00-03:00,7.724999904632568,1.1624999046325684,16.30901825207684,PETR3.SA
14,2001-05-15 00:00:00-03:00,7.5,2001-06-04 00:00:00-03:00,8.768750190734863,1.2687501907348633,15.62912660780284,PETR3.SA
15,2001-06-25 00:00:00-03:00,7.724999904632568,2001-07-11 00:00:00-03:00,7.599999904632568,-0.125,-1.6313575694571454,PETR3.SA
16,2001-08-02 00:00:00-03:00,7.025000095367432,2001-08-27 00:00:00-03:00,7.301249980926514,0.27624988555908203,3.85703349647786,PETR3.SA
17,2001-09-14 00:00:00-03:00,6.587500095367432,2001-10-15 00:00:00-02:00,7.125,0.5374999046325684,7.843579781020414,PETR3.SA
18,2001-11-06 00:00:00-02:00,6.462500095367432,2001-11-09 00:00:00-02:00,7.00124979019165,0.5387496948242188,8.007241998303762,PETR3.SA
19,2001-12-14 00:00:00-02:00,6.025000095367432,2002-01-03 00:00:00-02:00,6.742499828338623,0.7174997329711914,11.251325536680623,PETR3.SA
20,2002-01-24 00:00:00-02:00,6.050000190734863,2002-01-28 00:00:00-02:00,6.262499809265137,0.21249961853027344,3.45211323851446,PETR3.SA
21,2002-02-13 00:00:00-02:00,6.300000190734863,2002-03-04 00:00:00-03:00,7.625,1.3249998092651367,19.08826588206137,PETR3.SA
22,2002-03-08 00:00:00-03:00,7.3125,2002-03-19 00:00:00-03:00,7.888750076293945,0.5762500762939453,7.585249102957096,PETR3.SA
23,2002-04-12 00:00:00-03:00,7.224999904632568,2002-04-23 00:00:00-03:00,7.474999904632568,0.25,3.4016885719714023,PETR3.SA
24,2002-05-13 00:00:00-03:00,6.816249847412109,2002-05-24 00:00:00-03:00,7.5,0.6837501525878906,9.559357567003078,PETR3.SA
25,2002-06-21 00:00:00-03:00,5.8125,2002-06-27 00:00:00-03:00,6.737500190734863,0.9250001907348633,14.767819363108217,PETR3.SA
26,2002-07-29 00:00:00-03:00,5.0,2002-08-09 00:00:00-03:00,6.25,1.25,22.314355131420978,PETR3.SA
27,2002-08-28 00:00:00-03:00,5.926249980926514,2002-09-13 00:00:00-03:00,6.706250190734863,0.7800002098083496,12.364832382251384,PETR3.SA
28,2002-09-27 00:00:00-03:00,4.931250095367432,2002-10-25 00:00:00-03:00,5.974999904632568,1.0437498092651367,19.19915569050476,PETR3.SA
29,2002-11-06 00:00:00-02:00,5.625,2002-11-20 00:00:00-02:00,6.150000095367432,0.5250000953674316,8.923114923484192,PETR3.SA
30,2002-11-28 00:00:00-02:00,5.788750171661377,2002-12-20 00:00:00-02:00,6.900000095367432,1.1112499237060547,17.560501695744794,PETR3.SA
31,2003-01-27 00:00:00-02:00,6.201250076293945,2003-02-03 00:00:00-02:00,6.574999809265137,0.3737497329711914,5.85236521186071,PETR3.SA
32,2003-03-05 00:00:00-03:00,5.75,2003-03-12 00:00:00-03:00,6.349999904632568,0.5999999046325684,9.925494307684787,PETR3.SA
33,2003-03-31 00:00:00-03:00,6.348750114440918,2003-04-03 00:00:00-03:00,6.712500095367432,0.36374998092651367,5.571351288336386,PETR3.SA
34,2003-04-08 00:00:00-03:00,6.273749828338623,2003-05-13 00:00:00-03:00,7.375,1.101250171661377,16.172166760072283,PETR3.SA
35,2003-05-26 00:00:00-03:00,7.037499904632568,2003-06-06 00:00:00-03:00,7.400000095367432,0.3625001907348633,5.022703318312851,PETR3.SA
36,2003-06-23 00:00:00-03:00,6.786250114440918,2003-07-22 00:00:00-03:00,7.698750019073486,0.9124999046325684,12.615945739542456,PETR3.SA
37,2003-08-04 00:00:00-03:00,7.162499904632568,2003-08-14 00:00:00-03:00,7.962500095367432,0.8000001907348633,10.588396414931985,PETR3.SA
38,2003-08-25 00:00:00-03:00,7.699999809265137,2003-09-04 00:00:00-03:00,8.651249885559082,0.9512500762939453,11.648350185680716,PETR3.SA
39,2003-09-23 00:00:00-03:00,8.087499618530273,2003-10-13 00:00:00-03:00,9.175000190734863,1.0875005722045898,12.616280206997471,PETR3.SA
40,2003-10-31 00:00:00-02:00,8.399999618530273,2003-11-25 00:00:00-02:00,9.225000381469727,0.8250007629394531,9.368557084211762,PETR3.SA
41,2003-11-28 00:00:00-02:00,8.899999618530273,2003-12-18 00:00:00-02:00,10.3125,1.4125003814697266,14.730551778447323,PETR3.SA
42,2003-12-26 00:00:00-02:00,10.126250267028809,2004-01-06 00:00:00-02:00,12.074999809265137,1.9487495422363281,17.600609521026474,PETR3.SA
43,2004-01-30 00:00:00-02:00,10.625,2004-02-12 00:00:00-02:00,11.913749694824219,1.2887496948242188,11.44834548437917,PETR3.SA
44,2004-03-11 00:00:00-03:00,11.25,2004-03-18 00:00:00-03:00,12.149999618530273,0.8999996185302734,7.696100973944244,PETR3.SA
45,2004-03-23 00:00:00-03:00,11.550000190734863,2004-04-12 00:00:00-03:00,12.662500381469727,1.1125001907348633,9.195944621909877,PETR3.SA
46,2004-04-30 00:00:00-03:00,10.5625,2004-05-13 00:00:00-03:00,10.801250457763672,0.23875045776367188,2.2351917870798825,PETR3.SA
47,2004-05-28 00:00:00-03:00,10.012499809265137,2004-06-17 00:00:00-03:00,10.587499618530273,0.5749998092651367,5.583973060317055,PETR3.SA
48,2004-07-08 00:00:00-03:00,10.25,2004-07-16 00:00:00-03:00,10.899999618530273,0.6499996185302734,6.148504865345762,PETR3.SA
49,2004-08-03 00:00:00-03:00,10.662500381469727,2004-08-20 00:00:00-03:00,11.699999809265137,1.0374994277954102,9.285587690702622,PETR3.SA
50,2004-08-26 00:00:00-03:00,11.25,2004-09-09 00:00:00-03:00,11.8125,0.5625,4.879016416943204,PETR3.SA
51,2004-09-15 00:00:00-03:00,11.887499809265137,2004-10-04 00:00:00-03:00,13.087499618530273,1.1999998092651367,9.617013522250097,PETR3.SA
52,2004-10-14 00:00:00-03:00,12.375,2004-11-05 00:00:00-02:00,13.087499618530273,0.7124996185302734,5.597923859426171,PETR3.SA
53,2004-11-24 00:00:00-02:00,12.3125,2004-12-01 00:00:00-02:00,13.149999618530273,0.8374996185302734,6.580672311646128,PETR3.SA
54,2004-12-10 00:00:00-02:00,12.526249885559082,2004-12-29 00:00:00-02:00,13.462499618530273,0.9362497329711914,7.208158089246557,PETR3.SA
55,2005-01-05 00:00:00-02:00,12.699999809265137,2005-01-14 00:00:00-02:00,13.15250015258789,0.4525003433227539,3.5009887778209103,PETR3.SA
56,2005-01-28 00:00:00-02:00,13.088749885559082,2005-02-09 00:00:00-02:00,14.800000190734863,1.7112503051757812,12.287411978148192,PETR3.SA
57,2005-02-18 00:00:00-02:00,14.512499809265137,2005-03-07 00:00:00-03:00,16.537500381469727,2.02500057220459,13.062021862681503,PETR3.SA
58,2005-03-29 00:00:00-03:00,14.0625,2005-04-04 00:00:00-03:00,14.774999618530273,0.7124996185302734,4.942485750892855,PETR3.SA
59,2005-05-13 00:00:00-03:00,13.037500381469727,2005-06-02 00:00:00-03:00,14.6875,1.6499996185302734,11.916694231806437,PETR3.SA
60,2005-06-08 00:00:00-03:00,14.3125,2005-06-27 00:00:00-03:00,15.75,1.4375,9.570708395718357,PETR3.SA
61,2005-07-19 00:00:00-03:00,14.787500381469727,2005-08-09 00:00:00-03:00,16.899999618530273,2.112499237060547,13.353134425558016,PETR3.SA
62,2005-08-17 00:00:00-03:00,16.899999618530273,2005-08-30 00:00:00-03:00,18.125,1.2250003814697266,6.997860138388417,PETR3.SA
63,2005-09-02 00:00:00-03:00,18.2450008392334,2005-09-21 00:00:00-03:00,20.899999618530273,2.654998779296875,13.585802483222132,PETR3.SA
64,2005-10-13 00:00:00-03:00,17.649999618530273,2005-11-03 00:00:00-02:00,18.674999237060547,1.0249996185302734,5.644992839907216,PETR3.SA
65,2005-11-11 00:00:00-02:00,16.885000228881836,2005-11-23 00:00:00-02:00,19.06999969482422,2.184999465942383,12.169073621653638,PETR3.SA
66,2005-11-29 00:00:00-02:00,18.5,2005-12-14 00:00:00-02:00,20.440000534057617,1.9400005340576172,9.972305937928775,PETR3.SA
67,2005-12-20 00:00:00-02:00,20.075000762939453,2006-01-10 00:00:00-02:00,22.600000381469727,2.5249996185302734,11.847462532015099,PETR3.SA
68,2006-01-11 00:00:00-02:00,23.545000076293945,2006-01-31 00:00:00-02:00,25.844999313354492,2.299999237060547,9.320364514431065,PETR3.SA
69,2006-02-14 00:00:00-02:00,22.385000228881836,2006-03-03 00:00:00-03:00,24.69499969482422,2.309999465942383,9.820967971707677,PETR3.SA
70,2006-03-28 00:00:00-03:00,23.0,2006-04-03 00:00:00-03:00,24.104999542236328,1.1049995422363281,4.69250529380325,PETR3.SA
71,2006-04-13 00:00:00-03:00,23.610000610351562,2006-04-19 00:00:00-03:00,25.889999389648438,2.279998779296875,9.218639323982474,PETR3.SA
72,2006-04-27 00:00:00-03:00,25.18000030517578,2006-05-09 00:00:00-03:00,27.700000762939453,2.520000457763672,9.538240000026304,PETR3.SA
73,2006-06-06 00:00:00-03:00,23.924999237060547,2006-06-23 00:00:00-03:00,22.950000762939453,-0.9749984741210938,-4.160593570011833,PETR3.SA
74,2006-06-28 00:00:00-03:00,23.075000762939453,2006-07-14 00:00:00-03:00,24.75,1.6749992370605469,7.007567556231913,PETR3.SA
75,2006-07-21 00:00:00-03:00,23.375,2006-08-07 00:00:00-03:00,25.895000457763672,2.520000457763672,10.238284237878958,PETR3.SA
76,2006-08-23 00:00:00-03:00,23.80500030517578,2006-09-04 00:00:00-03:00,24.489999771118164,0.6849994659423828,2.8369206151845408,PETR3.SA
77,2006-09-20 00:00:00-03:00,21.075000762939453,2006-09-29 00:00:00-03:00,22.674999237060547,1.5999984741210938,7.317542226539753,PETR3.SA
78,2006-10-11 00:00:00-03:00,22.28499984741211,2006-10-25 00:00:00-03:00,24.190000534057617,1.9050006866455078,8.202554714814802,PETR3.SA
79,2006-11-01 00:00:00-03:00,23.375,2006-11-10 00:00:00-02:00,24.975000381469727,1.6000003814697266,6.620826463392953,PETR3.SA
80,2006-11-27 00:00:00-02:00,24.5,2006-12-08 00:00:00-02:00,26.25,1.75,6.899287148695142,PETR3.SA
81,2007-01-05 00:00:00-02:00,25.5,2007-01-24 00:00:00-02:00,26.31999969482422,0.8199996948242188,3.165064269791143,PETR3.SA
82,2007-02-16 00:00:00-02:00,24.4950008392334,2007-02-26 00:00:00-03:00,25.1200008392334,0.625,2.5195325657016068,PETR3.SA
83,2007-03-16 00:00:00-03:00,22.424999237060547,2007-03-30 00:00:00-03:00,25.8700008392334,3.4450016021728516,14.290765471531387,PETR3.SA
84,2007-04-09 00:00:00-03:00,25.899999618530273,2007-04-16 00:00:00-03:00,27.2450008392334,1.345001220703125,5.062709486133803,PETR3.SA
85,2007-05-10 00:00:00-03:00,25.149999618530273,2007-05-18 00:00:00-03:00,26.25,1.1000003814697266,4.280810765966709,PETR3.SA
86,2007-05-31 00:00:00-03:00,25.8799991607666,2007-06-11 00:00:00-03:00,27.2450008392334,1.3650016784667969,5.139961163344445,PETR3.SA
87,2007-06-12 00:00:00-03:00,27.25,2007-07-02 00:00:00-03:00,30.075000762939453,2.825000762939453,9.864076611938453,PETR3.SA
88,2007-07-04 00:00:00-03:00,30.674999237060547,2007-07-23 00:00:00-03:00,33.099998474121094,2.424999237060547,7.608527055868248,PETR3.SA
89,2007-08-14 00:00:00-03:00,28.950000762939453,2007-09-04 00:00:00-03:00,31.25,2.299999237060547,7.644914580971227,PETR3.SA
90,2007-09-10 00:00:00-03:00,30.854999542236328,2007-09-24 00:00:00-03:00,35.0,4.145000457763672,12.604926455234777,PETR3.SA
91,2007-10-03 00:00:00-03:00,34.279998779296875,2007-10-17 00:00:00-02:00,38.849998474121094,4.569999694824219,12.514597941769095,PETR3.SA
92,2007-10-22 00:00:00-02:00,36.14500045776367,2007-11-09 00:00:00-02:00,47.95500183105469,11.810001373291016,28.272447024577513,PETR3.SA
93,2007-11-30 00:00:00-02:00,42.29999923706055,2007-12-26 00:00:00-02:00,51.75,9.450000762939453,20.163736412964,PETR3.SA
94,2008-01-21 00:00:00-02:00,39.0,2008-02-13 00:00:00-02:00,50.79999923706055,11.799999237060547,26.433469343629657,PETR3.SA
95,2008-03-04 00:00:00-03:00,47.150001525878906,2008-03-11 00:00:00-03:00,48.099998474121094,0.9499969482421875,1.994810394696986,PETR3.SA
96,2008-03-31 00:00:00-03:00,44.834999084472656,2008-04-18 00:00:00-03:00,52.20000076293945,7.365001678466797,15.209344552020571,PETR3.SA
97,2008-04-29 00:00:00-03:00,49.7400016784668,2008-05-13 00:00:00-03:00,56.2400016784668,6.5,12.281880522705753,PETR3.SA
98,2008-06-04 00:00:00-03:00,53.5,2008-06-06 00:00:00-03:00,56.150001525878906,2.6500015258789062,4.834505445753818,PETR3.SA
99,2008-07-17 00:00:00-03:00,46.0,2008-07-21 00:00:00-03:00,47.029998779296875,1.029998779296875,2.2144273512021813,PETR3.SA
100,2008-08-18 00:00:00-03:00,38.900001525878906,2008-08-21 00:00:00-03:00,43.310001373291016,4.409999847412109,10.738929708486102,PETR3.SA
101,2008-09-09 00:00:00-03:00,34.31999969482422,2008-09-25 00:00:00-03:00,44.04999923706055,9.729999542236328,24.95970693346437,PETR3.SA
102,2008-10-27 00:00:00-02:00,22.0,2008-11-04 00:00:00-02:00,31.0,9.0,34.294475112683045,PETR3.SA
103,2008-12-05 00:00:00-02:00,21.5,2008-12-12 00:00:00-02:00,27.600000381469727,6.100000381469727,24.97628514108541,PETR3.SA
104,2008-12-23 00:00:00-02:00,25.889999389648438,2009-01-06 00:00:00-02:00,31.020000457763672,5.130001068115234,18.077540231679563,PETR3.SA
105,2009-01-20 00:00:00-02:00,27.450000762939453,2009-02-16 00:00:00-03:00,34.25,6.799999237060547,22.13203689589081,PETR3.SA
106,2009-03-03 00:00:00-03:00,30.5,2009-03-13 00:00:00-03:00,34.400001525878906,3.9000015258789062,12.03299251229307,PETR3.SA
107,2009-03-17 00:00:00-03:00,34.599998474121094,2009-03-23 00:00:00-03:00,38.970001220703125,4.370002746582031,11.893851271166179,PETR3.SA
108,2009-04-27 00:00:00-03:00,35.709999084472656,2009-05-08 00:00:00-03:00,41.65999984741211,5.950000762939453,15.411069620161596,PETR3.SA
109,2009-06-03 00:00:00-03:00,41.189998626708984,2009-06-15 00:00:00-03:00,41.400001525878906,0.21000289916992188,0.508544258065622,PETR3.SA
110,2009-07-08 00:00:00-03:00,35.63999938964844,2009-07-23 00:00:00-03:00,40.20000076293945,4.560001373291016,12.03984291264248,PETR3.SA
111,2009-07-29 00:00:00-03:00,37.849998474121094,2009-08-21 00:00:00-03:00,40.61000061035156,2.7600021362304688,7.038341715817878,PETR3.SA
112,2009-09-08 00:00:00-03:00,39.279998779296875,2009-09-22 00:00:00-03:00,41.33000183105469,2.0500030517578125,5.087322041762196,PETR3.SA
113,2009-10-02 00:00:00-03:00,39.81999969482422,2009-10-19 00:00:00-02:00,43.97999954223633,4.159999847412109,9.936568374599602,PETR3.SA
114,2009-10-28 00:00:00-02:00,40.25,2009-11-11 00:00:00-02:00,43.599998474121094,3.3499984741210938,7.994711149319294,PETR3.SA
115,2009-11-12 00:00:00-02:00,42.400001525878906,2009-12-01 00:00:00-02:00,45.099998474121094,2.6999969482421875,6.1733814449775455,PETR3.SA
116,2009-12-21 00:00:00-02:00,40.20000076293945,2010-01-06 00:00:00-02:00,41.810001373291016,1.6100006103515625,3.9268563610898624,PETR3.SA
117,2010-02-05 00:00:00-02:00,35.79999923706055,2010-03-05 00:00:00-03:00,39.9900016784668,4.19000244140625,11.068159273539257,PETR3.SA
118,2010-03-26 00:00:00-03:00,39.25,2010-04-06 00:00:00-03:00,40.59000015258789,1.3400001525878906,3.3570290381637364,PETR3.SA
119,2010-05-11 00:00:00-03:00,33.52000045776367,2010-05-31 00:00:00-03:00,34.08000183105469,0.5600013732910156,1.6568466418927705,PETR3.SA
120,2010-06-23 00:00:00-03:00,32.619998931884766,2010-06-25 00:00:00-03:00,32.02000045776367,-0.5999984741210938,-1.8564842583936574,PETR3.SA
121,2010-07-16 00:00:00-03:00,30.579999923706055,2010-08-04 00:00:00-03:00,33.900001525878906,3.3200016021728516,10.306886139156125,PETR3.SA
122,2010-08-26 00:00:00-03:00,29.100000381469727,2010-09-06 00:00:00-03:00,33.34000015258789,4.239999771118164,13.601969461299717,PETR3.SA
123,2010-10-07 00:00:00-03:00,28.309999465942383,2010-10-14 00:00:00-03:00,29.100000381469727,0.7900009155273438,2.7523107027191873,PETR3.SA
124,2010-11-23 00:00:00-02:00,27.329999923706055,2010-12-06 00:00:00-02:00,28.719999313354492,1.3899993896484375,4.960872312335904,PETR3.SA
125,2010-12-16 00:00:00-02:00,27.969999313354492,2011-01-05 00:00:00-02:00,30.6299991607666,2.6599998474121094,9.084741078110602,PETR3.SA
126,2011-01-28 00:00:00-02:00,29.350000381469727,2011-02-03 00:00:00-02:00,31.389999389648438,2.039999008178711,6.71967921383515,PETR3.SA
127,2011-02-22 00:00:00-03:00,31.540000915527344,2011-03-04 00:00:00-03:00,33.650001525878906,2.1100006103515625,6.475649087392818,PETR3.SA
128,2011-03-18 00:00:00-03:00,31.969999313354492,2011-03-25 00:00:00-03:00,33.11000061035156,1.1400012969970703,3.503742839926745,PETR3.SA
129,2011-04-18 00:00:00-03:00,28.459999084472656,2011-05-02 00:00:00-03:00,28.690000534057617,0.23000144958496094,0.804908811524852,PETR3.SA
130,2011-06-07 00:00:00-03:00,25.520000457763672,2011-07-01 00:00:00-03:00,26.299999237060547,0.779998779296875,3.010643376057674,PETR3.SA
131,2011-07-20 00:00:00-03:00,24.809999465942383,2011-07-26 00:00:00-03:00,26.3799991607666,1.5699996948242188,6.135933929811532,PETR3.SA
132,2011-08-22 00:00:00-03:00,21.479999542236328,2011-09-01 00:00:00-03:00,23.170000076293945,1.6900005340576172,7.573609340756901,PETR3.SA
133,2011-09-23 00:00:00-03:00,21.0,2011-10-14 00:00:00-03:00,21.40999984741211,0.4099998474121094,1.9335657751223545,PETR3.SA
134,2011-10-20 00:00:00-02:00,20.459999084472656,2011-11-07 00:00:00-02:00,24.6200008392334,4.160001754760742,18.508743906747476,PETR3.SA
135,2011-11-25 00:00:00-02:00,22.809999465942383,2011-12-01 00:00:00-02:00,24.700000762939453,1.8900012969970703,7.960426163918225,PETR3.SA
136,2011-12-19 00:00:00-02:00,22.700000762939453,2012-01-16 00:00:00-02:00,25.969999313354492,3.269998550415039,13.457704113768251,PETR3.SA
137,2012-01-17 00:00:00-02:00,25.969999313354492,2012-02-07 00:00:00-02:00,27.75,1.7800006866455078,6.629384095773696,PETR3.SA
138,2012-02-15 00:00:00-02:00,24.670000076293945,2012-03-05 00:00:00-03:00,25.81999969482422,1.1499996185302734,4.556143996529478,PETR3.SA
139,2012-04-10 00:00:00-03:00,22.15999984741211,2012-05-02 00:00:00-03:00,23.059999465942383,0.8999996185302734,3.9810636688084453,PETR3.SA
140,2012-05-17 00:00:00-03:00,19.200000762939453,2012-06-20 00:00:00-03:00,20.709999084472656,1.5099983215332031,7.570631243030888,PETR3.SA
141,2012-06-27 00:00:00-03:00,18.239999771118164,2012-07-05 00:00:00-03:00,20.34000015258789,2.1000003814697266,10.897242602443766,PETR3.SA
142,2012-07-24 00:00:00-03:00,19.299999237060547,2012-07-30 00:00:00-03:00,21.0,1.7000007629394531,8.44173813431255,PETR3.SA
143,2012-08-03 00:00:00-03:00,20.670000076293945,2012-08-17 00:00:00-03:00,22.520000457763672,1.8500003814697266,8.5720446213749,PETR3.SA
144,2012-09-04 00:00:00-03:00,21.100000381469727,2012-09-14 00:00:00-03:00,24.350000381469727,3.25,14.3258806633552,PETR3.SA
145,2012-10-05 00:00:00-03:00,23.100000381469727,2012-10-15 00:00:00-03:00,23.68000030517578,0.5799999237060547,2.479818886170698,PETR3.SA
146,2012-11-21 00:00:00-02:00,19.200000762939453,2012-12-11 00:00:00-02:00,20.239999771118164,1.039999008178711,5.2750514340708685,PETR3.SA
147,2012-12-27 00:00:00-02:00,19.5,2013-01-16 00:00:00-02:00,20.200000762939453,0.7000007629394531,3.526817660673709,PETR3.SA
148,2013-02-25 00:00:00-03:00,14.899999618530273,2013-03-15 00:00:00-03:00,17.799999237060547,2.8999996185302734,17.783722708685353,PETR3.SA
149,2013-04-08 00:00:00-03:00,16.0,2013-04-30 00:00:00-03:00,19.190000534057617,3.190000534057617,18.18006156098226,PETR3.SA
150,2013-05-13 00:00:00-03:00,18.75,2013-06-03 00:00:00-03:00,19.020000457763672,0.2700004577636719,1.4297328768314788,PETR3.SA
151,2013-07-02 00:00:00-03:00,14.140000343322754,2013-07-25 00:00:00-03:00,16.229999542236328,2.089999198913574,13.785366857303604,PETR3.SA
152,2013-08-07 00:00:00-03:00,15.319999694824219,2013-08-16 00:00:00-03:00,17.190000534057617,1.8700008392333984,11.516870607032676,PETR3.SA
153,2013-09-03 00:00:00-03:00,15.899999618530273,2013-09-19 00:00:00-03:00,17.950000762939453,2.0500011444091797,12.127107220349878,PETR3.SA
154,2013-10-09 00:00:00-03:00,16.829999923706055,2013-11-06 00:00:00-02:00,19.600000381469727,2.770000457763672,15.236658202970906,PETR3.SA
155,2013-12-02 00:00:00-02:00,16.420000076293945,2013-12-04 00:00:00-02:00,16.549999237060547,0.12999916076660156,0.7885947053324651,PETR3.SA
156,2014-01-20 00:00:00-02:00,14.300000190734863,2014-01-22 00:00:00-02:00,14.789999961853027,0.48999977111816406,3.369172353950361,PETR3.SA
157,2014-03-05 00:00:00-03:00,12.710000038146973,2014-03-25 00:00:00-03:00,14.050000190734863,1.3400001525878906,10.023332115249174,PETR3.SA
158,2014-03-27 00:00:00-03:00,14.819999694824219,2014-04-07 00:00:00-03:00,15.850000381469727,1.0300006866455078,6.719192511499742,PETR3.SA
159,2014-04-25 00:00:00-03:00,15.119999885559082,2014-05-07 00:00:00-03:00,17.399999618530273,2.2799997329711914,14.045182111439248,PETR3.SA
160,2014-05-30 00:00:00-03:00,15.609999656677246,2014-06-18 00:00:00-03:00,17.920000076293945,2.310000419616699,13.800569927068876,PETR3.SA
161,2014-06-27 00:00:00-03:00,16.049999237060547,2014-07-17 00:00:00-03:00,18.18000030517578,2.1300010681152344,12.461330349482397,PETR3.SA
162,2014-08-01 00:00:00-03:00,17.860000610351562,2014-08-27 00:00:00-03:00,21.6200008392334,3.760000228881836,19.105524140594543,PETR3.SA
163,2014-09-12 00:00:00-03:00,19.1200008392334,2014-10-09 00:00:00-03:00,19.959999084472656,0.8399982452392578,4.299527349899913,PETR3.SA
164,2014-10-29 00:00:00-02:00,13.529999732971191,2014-10-31 00:00:00-02:00,14.649999618530273,1.119999885559082,7.953088697754408,PETR3.SA
165,2014-12-12 00:00:00-02:00,9.460000038146973,2014-12-23 00:00:00-02:00,10.5,1.0399999618530273,10.430287006724127,PETR3.SA
166,2015-01-29 00:00:00-02:00,8.470000267028809,2015-02-18 00:00:00-02:00,9.949999809265137,1.4799995422363281,16.104199181078197,PETR3.SA
167,2015-03-13 00:00:00-03:00,8.149999618530273,2015-04-07 00:00:00-03:00,10.829999923706055,2.6800003051757812,28.43021735215448,PETR3.SA
168,2015-04-08 00:00:00-03:00,10.5600004196167,2015-04-24 00:00:00-03:00,14.699999809265137,4.1399993896484375,33.077416279498536,PETR3.SA
169,2015-05-20 00:00:00-03:00,13.699999809265137,2015-06-12 00:00:00-03:00,14.180000305175781,0.48000049591064453,3.443672371371906,PETR3.SA
170,2015-07-03 00:00:00-03:00,12.949999809265137,2015-07-14 00:00:00-03:00,13.510000228881836,0.5600004196166992,4.233439549678228,PETR3.SA
171,2015-08-17 00:00:00-03:00,10.199999809265137,2015-08-31 00:00:00-03:00,10.619999885559082,0.4200000762939453,4.035130344708299,PETR3.SA
172,2015-09-28 00:00:00-03:00,7.670000076293945,2015-10-08 00:00:00-03:00,10.75,3.0799999237060547,33.75891292474478,PETR3.SA
173,2015-11-12 00:00:00-02:00,9.020000457763672,2015-11-24 00:00:00-02:00,10.449999809265137,1.4299993515014648,14.715757533429613,PETR3.SA
174,2015-12-21 00:00:00-02:00,8.3100004196167,2016-01-04 00:00:00-02:00,8.670000076293945,0.3599996566772461,4.240914022946694,PETR3.SA
175,2016-02-11 00:00:00-02:00,5.909999847412109,2016-03-04 00:00:00-03:00,9.979999542236328,4.069999694824219,52.393723885585565,PETR3.SA
176,2016-03-15 00:00:00-03:00,8.90999984741211,2016-03-30 00:00:00-03:00,10.699999809265137,1.7899999618530273,18.30694992849191,PETR3.SA
177,2016-04-04 00:00:00-03:00,9.600000381469727,2016-04-19 00:00:00-03:00,12.359999656677246,2.7599992752075195,25.27022860424029,PETR3.SA
178,2016-05-09 00:00:00-03:00,12.069999694824219,2016-05-16 00:00:00-03:00,12.539999961853027,0.4700002670288086,3.820052233713759,PETR3.SA
179,2016-06-14 00:00:00-03:00,10.479999542236328,2016-07-14 00:00:00-03:00,13.319999694824219,2.8400001525878906,23.979800698799263,PETR3.SA
180,2016-08-02 00:00:00-03:00,12.970000267028809,2016-08-18 00:00:00-03:00,15.180000305175781,2.2100000381469727,15.733977315474892,PETR3.SA
181,2016-08-31 00:00:00-03:00,14.739999771118164,2016-09-08 00:00:00-03:00,16.389999389648438,1.6499996185302734,10.610648428322163,PETR3.SA
182,2016-09-27 00:00:00-03:00,14.649999618530273,2016-10-10 00:00:00-03:00,17.489999771118164,2.8400001525878906,17.718896651988373,PETR3.SA
183,2016-10-11 00:00:00-03:00,17.079999923706055,2016-10-24 00:00:00-02:00,19.3799991607666,2.299999237060547,12.633337926495722,PETR3.SA
184,2016-11-14 00:00:00-02:00,16.270000457763672,2016-12-02 00:00:00-02:00,18.649999618530273,2.3799991607666016,13.652317626929362,PETR3.SA
185,2016-12-22 00:00:00-02:00,16.350000381469727,2017-01-05 00:00:00-02:00,17.760000228881836,1.4099998474121094,8.272082977677083,PETR3.SA
186,2017-01-30 00:00:00-02:00,16.139999389648438,2017-02-20 00:00:00-03:00,17.079999923706055,0.9400005340576172,5.660755886784499,PETR3.SA
187,2017-03-14 00:00:00-03:00,14.369999885559082,2017-04-04 00:00:00-03:00,15.430000305175781,1.0600004196166992,7.11709940260936,PETR3.SA
188,2017-04-19 00:00:00-03:00,14.050000190734863,2017-05-15 00:00:00-03:00,16.190000534057617,2.140000343322754,14.177139132123523,PETR3.SA
189,2017-06-01 00:00:00-03:00,13.539999961853027,2017-06-13 00:00:00-03:00,13.869999885559082,0.3299999237060547,2.407996140899785,PETR3.SA
190,2017-07-07 00:00:00-03:00,12.680000305175781,2017-07-19 00:00:00-03:00,13.84000015258789,1.1599998474121094,8.753698813808974,PETR3.SA
191,2017-08-11 00:00:00-03:00,13.510000228881836,2017-09-04 00:00:00-03:00,14.720000267028809,1.2100000381469727,8.577696252750611,PETR3.SA
192,2017-09-05 00:00:00-03:00,14.850000381469727,2017-09-20 00:00:00-03:00,16.3799991607666,1.529998779296875,9.806113625276641,PETR3.SA
193,2017-09-29 00:00:00-03:00,15.8100004196167,2017-10-10 00:00:00-03:00,16.719999313354492,0.909998893737793,5.59628888266386,PETR3.SA
194,2017-10-19 00:00:00-02:00,16.5,2017-11-06 00:00:00-02:00,18.100000381469727,1.6000003814697266,9.255157844092032,PETR3.SA
195,2017-11-14 00:00:00-02:00,16.049999237060547,2017-11-28 00:00:00-02:00,16.280000686645508,0.23000144958496094,1.4228600710780466,PETR3.SA
196,2017-12-19 00:00:00-02:00,15.760000228881836,2018-01-08 00:00:00-02:00,18.1200008392334,2.3600006103515625,13.95412479774491,PETR3.SA
197,2018-01-10 00:00:00-02:00,17.780000686645508,2018-01-26 00:00:00-02:00,21.709999084472656,3.9299983978271484,19.969867301469275,PETR3.SA
198,2018-02-09 00:00:00-02:00,20.09000015258789,2018-03-09 00:00:00-03:00,24.0,3.9099998474121094,17.783164392588656,PETR3.SA
199,2018-03-19 00:00:00-03:00,22.59000015258789,2018-03-26 00:00:00-03:00,23.90999984741211,1.3199996948242188,5.678943785389574,PETR3.SA
200,2018-04-16 00:00:00-03:00,22.889999389648438,2018-04-27 00:00:00-03:00,24.520000457763672,1.6300010681152344,6.878902243707763,PETR3.SA
201,2018-05-04 00:00:00-03:00,23.889999389648438,2018-05-16 00:00:00-03:00,31.6299991607666,7.739999771118164,28.064607499542177,PETR3.SA
202,2018-06-08 00:00:00-03:00,18.0,2018-07-03 00:00:00-03:00,19.75,1.75,9.278173345096628,PETR3.SA
203,2018-07-11 00:00:00-03:00,20.020000457763672,2018-07-25 00:00:00-03:00,22.18000030517578,2.1599998474121094,10.245919892888068,PETR3.SA
204,2018-08-15 00:00:00-03:00,21.3799991607666,2018-08-29 00:00:00-03:00,22.170000076293945,0.7900009155273438,3.6284160725835597,PETR3.SA
205,2018-09-11 00:00:00-03:00,21.579999923706055,2018-09-27 00:00:00-03:00,24.5,2.9200000762939453,12.690616125609342,PETR3.SA
206,2018-10-01 00:00:00-03:00,24.18000030517578,2018-10-16 00:00:00-03:00,29.799999237060547,5.619998931884766,20.898251010171677,PETR3.SA
207,2018-11-12 00:00:00-02:00,27.989999771118164,2018-12-03 00:00:00-02:00,28.93000030517578,0.9400005340576172,3.30318341867187,PETR3.SA
208,2018-12-20 00:00:00-02:00,24.15999984741211,2019-01-21 00:00:00-02:00,29.290000915527344,5.130001068115234,19.25478253460865,PETR3.SA
209,2019-01-28 00:00:00-02:00,28.420000076293945,2019-02-13 00:00:00-02:00,30.649999618530273,2.229999542236328,7.553952458275541,PETR3.SA
210,2019-03-08 00:00:00-03:00,29.0,2019-03-20 00:00:00-03:00,32.970001220703125,3.970001220703125,12.83022641218276,PETR3.SA
211,2019-04-15 00:00:00-03:00,29.110000610351562,2019-04-23 00:00:00-03:00,31.1200008392334,2.010000228881836,6.676894755323771,PETR3.SA
212,2019-05-17 00:00:00-03:00,27.559999465942383,2019-05-28 00:00:00-03:00,29.1299991607666,1.5699996948242188,5.54031153939481,PETR3.SA
213,2019-06-05 00:00:00-03:00,28.610000610351562,2019-06-21 00:00:00-03:00,31.790000915527344,3.1800003051757812,10.53954753264122,PETR3.SA
214,2019-07-02 00:00:00-03:00,29.469999313354492,2019-07-12 00:00:00-03:00,31.5,2.030000686645508,6.6614772381798,PETR3.SA
215,2019-08-05 00:00:00-03:00,28.0,2019-08-09 00:00:00-03:00,28.6200008392334,0.6200008392333984,2.19012932764198,PETR3.SA
216,2019-09-02 00:00:00-03:00,27.969999313354492,2019-09-16 00:00:00-03:00,31.0,3.030000686645508,10.285472182063495,PETR3.SA
217,2019-10-08 00:00:00-03:00,28.219999313354492,2019-10-31 00:00:00-03:00,32.70000076293945,4.480001449584961,14.73441791418963,PETR3.SA
218,2019-11-19 00:00:00-03:00,31.25,2019-12-12 00:00:00-03:00,32.869998931884766,1.6199989318847656,5.054097899857761,PETR3.SA
219,2019-12-17 00:00:00-03:00,31.520000457763672,2020-01-06 00:00:00-03:00,33.029998779296875,1.5099983215332031,4.6793922932654075,PETR3.SA
220,2020-01-27 00:00:00-03:00,29.799999237060547,2020-02-19 00:00:00-03:00,32.56999969482422,2.770000457763672,8.88832420089358,PETR3.SA
221,2020-03-12 00:00:00-03:00,12.920000076293945,2020-04-07 00:00:00-03:00,16.559999465942383,3.6399993896484375,24.821361244769708,PETR3.SA
222,2020-04-24 00:00:00-03:00,16.06999969482422,2020-04-29 00:00:00-03:00,19.0,2.9300003051757812,16.748481840742276,PETR3.SA
223,2020-05-14 00:00:00-03:00,17.690000534057617,2020-05-21 00:00:00-03:00,19.950000762939453,2.260000228881836,12.022964321695422,PETR3.SA
224,2020-05-25 00:00:00-03:00,20.34000015258789,2020-06-08 00:00:00-03:00,23.350000381469727,3.010000228881836,13.800760232966274,PETR3.SA
225,2020-06-22 00:00:00-03:00,21.8700008392334,2020-07-06 00:00:00-03:00,23.149999618530273,1.279998779296875,5.6878890991666875,PETR3.SA
226,2020-07-09 00:00:00-03:00,22.649999618530273,2020-07-15 00:00:00-03:00,24.200000762939453,1.5500011444091797,6.6192829601951635,PETR3.SA
227,2020-08-04 00:00:00-03:00,22.309999465942383,2020-08-10 00:00:00-03:00,24.100000381469727,1.7900009155273438,7.717687181882529,PETR3.SA
228,2020-08-31 00:00:00-03:00,22.31999969482422,2020-09-09 00:00:00-03:00,23.020000457763672,0.7000007629394531,3.088029933885306,PETR3.SA
229,2020-10-02 00:00:00-03:00,19.18000030517578,2020-10-08 00:00:00-03:00,20.59000015258789,1.4099998474121094,7.0937443084036556,PETR3.SA
230,2020-10-28 00:00:00-03:00,18.639999389648438,2020-11-10 00:00:00-03:00,23.639999389648438,5.0,23.763039020604097,PETR3.SA
231,2020-11-13 00:00:00-03:00,23.18000030517578,2020-12-04 00:00:00-03:00,28.100000381469727,4.920000076293945,19.24797388380515,PETR3.SA
232,2020-12-08 00:00:00-03:00,27.229999542236328,2020-12-17 00:00:00-03:00,28.920000076293945,1.6900005340576172,6.021411005400428,PETR3.SA
233,2021-01-21 00:00:00-03:00,28.09000015258789,2021-02-05 00:00:00-03:00,29.68000030517578,1.5900001525878906,5.505978203312305,PETR3.SA
234,2021-03-03 00:00:00-03:00,20.969999313354492,2021-03-29 00:00:00-03:00,23.649999618530273,2.6800003051757812,12.027028663849816,PETR3.SA
235,2021-04-16 00:00:00-03:00,22.649999618530273,2021-05-11 00:00:00-03:00,24.549999237060547,1.8999996185302734,8.055198807645322,PETR3.SA
236,2021-05-20 00:00:00-03:00,25.170000076293945,2021-06-04 00:00:00-03:00,28.93000030517578,3.760000228881836,13.922631735843844,PETR3.SA
237,2021-06-17 00:00:00-03:00,28.65999984741211,2021-06-24 00:00:00-03:00,29.889999389648438,1.2299995422363281,4.20215387999669,PETR3.SA
238,2021-07-19 00:00:00-03:00,26.850000381469727,2021-08-05 00:00:00-03:00,29.270000457763672,2.4200000762939453,8.629728118082868,PETR3.SA
239,2021-08-20 00:00:00-03:00,27.149999618530273,2021-08-31 00:00:00-03:00,27.920000076293945,0.7700004577636719,2.7966248297268783,PETR3.SA
240,2021-09-22 00:00:00-03:00,26.459999084472656,2021-10-13 00:00:00-03:00,30.299999237060547,3.8400001525878906,13.551356324942285,PETR3.SA
241,2021-11-04 00:00:00-03:00,26.670000076293945,2021-11-25 00:00:00-03:00,30.5,3.8299999237060547,13.418734255877766,PETR3.SA
242,2021-12-02 00:00:00-03:00,29.520000457763672,2021-12-16 00:00:00-03:00,31.559999465942383,2.039999008178711,6.682246381652463,PETR3.SA
243,2021-12-20 00:00:00-03:00,30.200000762939453,2022-01-11 00:00:00-03:00,31.989999771118164,1.789999008178711,5.75813971629139,PETR3.SA
244,2022-01-12 00:00:00-03:00,33.04999923706055,2022-01-27 00:00:00-03:00,36.9900016784668,3.94000244140625,11.262610800729897,PETR3.SA
245,2022-02-08 00:00:00-03:00,34.970001220703125,2022-02-11 00:00:00-03:00,37.20000076293945,2.229999542236328,6.181819580578925,PETR3.SA
246,2022-03-17 00:00:00-03:00,32.869998931884766,2022-04-07 00:00:00-03:00,36.689998626708984,3.8199996948242188,10.994384575662943,PETR3.SA
247,2022-05-02 00:00:00-03:00,32.84000015258789,2022-05-23 00:00:00-03:00,39.060001373291016,6.220001220703125,17.345167137640153,PETR3.SA
248,2022-06-13 00:00:00-03:00,32.40999984741211,2022-06-14 00:00:00-03:00,32.70000076293945,0.29000091552734375,0.8908088789282776,PETR3.SA
249,2022-07-14 00:00:00-03:00,29.719999313354492,2022-07-26 00:00:00-03:00,33.790000915527344,4.070001602172852,12.834473107508327,PETR3.SA
250,2022-07-27 00:00:00-03:00,34.0099983215332,2022-08-09 00:00:00-03:00,39.849998474121094,5.840000152587891,15.846781727871326,PETR3.SA
251,2022-08-19 00:00:00-03:00,35.310001373291016,2022-08-29 00:00:00-03:00,38.27000045776367,2.9599990844726562,8.050006256632928,PETR3.SA
252,2022-09-26 00:00:00-03:00,32.47999954223633,2022-10-20 00:00:00-03:00,40.189998626708984,7.709999084472656,21.29936730913731,PETR3.SA
253,2022-11-10 00:00:00-03:00,29.690000534057617,2022-11-14 00:00:00-03:00,31.549999237060547,1.8599987030029297,6.076325804184311,PETR3.SA
0,2020-11-13 00:00:00-03:00,20.799999237060547,2020-12-04 00:00:00-03:00,25.239999771118164,4.440000534057617,19.347707857730352,RRRP3.SA
1,2020-12-07 00:00:00-03:00,26.43000030517578,2020-12-28 00:00:00-03:00,37.66999816894531,11.239997863769531,35.43642329334134,RRRP3.SA
2,2021-01-11 00:00:00-03:00,33.5,2021-02-10 00:00:00-03:00,36.2400016784668,2.740001678466797,7.861808865906574,RRRP3.SA
3,2021-02-26 00:00:00-03:00,35.970001220703125,2021-03-09 00:00:00-03:00,45.2599983215332,9.289997100830078,22.973831147616465,RRRP3.SA
4,2021-03-29 00:00:00-03:00,38.849998474121094,2021-04-22 00:00:00-03:00,44.08000183105469,5.230003356933594,12.629816884651804,RRRP3.SA
5,2021-05-13 00:00:00-03:00,37.70000076293945,2021-06-02 00:00:00-03:00,41.400001525878906,3.700000762939453,9.362080299716084,RRRP3.SA
6,2021-06-09 00:00:00-03:00,39.54999923706055,2021-06-21 00:00:00-03:00,48.86000061035156,9.310001373291016,21.13934033982815,RRRP3.SA
7,2021-07-19 00:00:00-03:00,41.849998474121094,2021-07-22 00:00:00-03:00,42.540000915527344,0.69000244140625,1.6353070818838362,RRRP3.SA
8,2021-08-17 00:00:00-03:00,32.52000045776367,2021-08-30 00:00:00-03:00,38.790000915527344,6.270000457763672,17.630720629804074,RRRP3.SA
9,2021-09-20 00:00:00-03:00,31.889999389648438,2021-10-05 00:00:00-03:00,42.900001525878906,11.010002136230469,29.6579399619555,RRRP3.SA
10,2021-10-29 00:00:00-03:00,32.34000015258789,2021-11-09 00:00:00-03:00,35.68000030517578,3.3400001525878906,9.828545739774034,RRRP3.SA
11,2021-12-01 00:00:00-03:00,27.600000381469727,2021-12-06 00:00:00-03:00,32.36000061035156,4.760000228881836,15.910732450711645,RRRP3.SA
12,2021-12-20 00:00:00-03:00,30.299999237060547,2022-01-11 00:00:00-03:00,36.29999923706055,6.0,18.067003291738594,RRRP3.SA
13,2022-01-24 00:00:00-03:00,35.52000045776367,2022-01-31 00:00:00-03:00,38.2400016784668,2.720001220703125,7.378620106469979,RRRP3.SA
14,2022-02-18 00:00:00-03:00,35.65999984741211,2022-03-08 00:00:00-03:00,39.060001373291016,3.4000015258789062,9.106935245100296,RRRP3.SA
15,2022-03-18 00:00:00-03:00,36.5099983215332,2022-04-07 00:00:00-03:00,44.13999938964844,7.630001068115234,18.978023730621278,RRRP3.SA
16,2022-04-19 00:00:00-03:00,43.2599983215332,2022-04-29 00:00:00-03:00,46.22999954223633,2.970001220703125,6.640054637285721,RRRP3.SA
17,2022-05-09 00:00:00-03:00,40.16999816894531,2022-05-30 00:00:00-03:00,49.310001373291016,9.140003204345703,20.500652529763787,RRRP3.SA
18,2022-06-23 00:00:00-03:00,32.79999923706055,2022-07-08 00:00:00-03:00,32.900001525878906,0.10000228881835938,0.3044212020874503,RRRP3.SA
19,2022-07-27 00:00:00-03:00,30.670000076293945,2022-08-12 00:00:00-03:00,34.79999923706055,4.129999160766602,12.6332384243145,RRRP3.SA
20,2022-08-17 00:00:00-03:00,33.63999938964844,2022-09-05 00:00:00-03:00,38.56999969482422,4.930000305175781,13.675894734675703,RRRP3.SA
21,2022-09-27 00:00:00-03:00,34.7599983215332,2022-10-20 00:00:00-03:00,44.58000183105469,9.820003509521484,24.881811692129546,RRRP3.SA
22,2022-11-10 00:00:00-03:00,43.4900016784668,2022-11-14 00:00:00-03:00,43.45000076293945,-0.04000091552734375,-0.0920195933440482,RRRP3.SA
0,2018-05-04 00:00:00-03:00,5.349999904632568,2018-05-17 00:00:00-03:00,6.059999942779541,0.7100000381469727,12.461324755667613,HAPV3.SA
1,2018-06-07 00:00:00-03:00,5.519999980926514,2018-06-28 00:00:00-03:00,6.056000232696533,0.5360002517700195,9.267169772561507,HAPV3.SA
2,2018-07-17 00:00:00-03:00,5.673999786376953,2018-07-20 00:00:00-03:00,6.0,0.3260002136230469,5.586517049085797,HAPV3.SA
3,2018-08-08 00:00:00-03:00,5.380000114440918,2018-08-14 00:00:00-03:00,5.289999961853027,-0.09000015258789062,-1.6870156786178845,HAPV3.SA
4,2018-09-25 00:00:00-03:00,4.363999843597412,2018-10-17 00:00:00-03:00,5.116000175476074,0.7520003318786621,15.898388588451223,HAPV3.SA
5,2018-10-19 00:00:00-03:00,5.050000190734863,2018-11-07 00:00:00-02:00,5.28000020980835,0.23000001907348633,4.453785639805149,HAPV3.SA
6,2018-11-13 00:00:00-02:00,5.139999866485596,2018-11-28 00:00:00-02:00,5.771999835968018,0.6319999694824219,11.596555900154637,HAPV3.SA
7,2018-12-10 00:00:00-02:00,5.699999809265137,2018-12-26 00:00:00-02:00,6.1479997634887695,0.4479999542236328,7.566064582848045,HAPV3.SA
8,2019-01-03 00:00:00-02:00,6.078000068664551,2019-01-18 00:00:00-02:00,6.840000152587891,0.7620000839233398,11.811204815080094,HAPV3.SA
9,2019-02-07 00:00:00-02:00,6.590000152587891,2019-02-18 00:00:00-03:00,6.800000190734863,0.21000003814697266,3.136926856242967,HAPV3.SA
10,2019-03-18 00:00:00-03:00,5.880000114440918,2019-04-02 00:00:00-03:00,6.2220001220703125,0.34200000762939453,5.653463672131237,HAPV3.SA
11,2019-04-18 00:00:00-03:00,5.699999809265137,2019-05-09 00:00:00-03:00,7.110000133514404,1.4100003242492676,22.103612121529935,HAPV3.SA
12,2019-05-16 00:00:00-03:00,6.932000160217285,2019-05-23 00:00:00-03:00,7.5,0.5679998397827148,7.875462557619843,HAPV3.SA
13,2019-06-04 00:00:00-03:00,7.242000102996826,2019-06-24 00:00:00-03:00,7.874000072479248,0.6319999694824219,8.36687761608271,HAPV3.SA
14,2019-07-03 00:00:00-03:00,7.400000095367432,2019-07-10 00:00:00-03:00,8.616000175476074,1.2160000801086426,15.214094712277637,HAPV3.SA
15,2019-08-01 00:00:00-03:00,8.253999710083008,2019-08-21 00:00:00-03:00,9.998000144958496,1.7440004348754883,19.16871912841619,HAPV3.SA
16,2019-09-09 00:00:00-03:00,9.616000175476074,2019-10-07 00:00:00-03:00,10.862000465393066,1.2460002899169922,12.18421064174401,HAPV3.SA
17,2019-10-09 00:00:00-03:00,10.920000076293945,2019-10-18 00:00:00-03:00,11.503999710083008,0.5839996337890625,5.209879847389896,HAPV3.SA
18,2019-11-19 00:00:00-03:00,10.73799991607666,2019-12-04 00:00:00-03:00,11.604000091552734,0.8660001754760742,7.756102996408288,HAPV3.SA
19,2019-12-13 00:00:00-03:00,11.236000061035156,2020-01-03 00:00:00-03:00,13.850000381469727,2.6140003204345703,20.91623455021833,HAPV3.SA
20,2020-01-15 00:00:00-03:00,12.20199966430664,2020-01-24 00:00:00-03:00,12.899999618530273,0.6979999542236328,5.56274365780082,HAPV3.SA
21,2020-02-10 00:00:00-03:00,11.152000427246094,2020-02-20 00:00:00-03:00,11.557999610900879,0.40599918365478516,3.575891190133705,HAPV3.SA
22,2020-03-18 00:00:00-03:00,6.343999862670898,2020-03-26 00:00:00-03:00,10.07800006866455,3.7340002059936523,46.2845374386255,HAPV3.SA
23,2020-04-06 00:00:00-03:00,8.600000381469727,2020-04-20 00:00:00-03:00,10.814000129699707,2.2139997482299805,22.90793553370918,HAPV3.SA
24,2020-05-15 00:00:00-03:00,9.380000114440918,2020-06-08 00:00:00-03:00,12.21399974822998,2.8339996337890625,26.400303896905296,HAPV3.SA
25,2020-06-12 00:00:00-03:00,11.942000389099121,2020-06-29 00:00:00-03:00,12.619999885559082,0.6779994964599609,5.522121733763988,HAPV3.SA
26,2020-07-13 00:00:00-03:00,11.791999816894531,2020-07-20 00:00:00-03:00,13.156000137329102,1.3640003204345703,10.945661884628466,HAPV3.SA
27,2020-08-12 00:00:00-03:00,12.26200008392334,2020-09-01 00:00:00-03:00,13.79800033569336,1.5360002517700195,11.801862226837185,HAPV3.SA
28,2020-09-23 00:00:00-03:00,12.527999877929688,2020-10-14 00:00:00-03:00,13.473999977111816,0.9460000991821289,7.279577133512729,HAPV3.SA
29,2020-10-23 00:00:00-03:00,12.746000289916992,2020-11-06 00:00:00-03:00,14.300000190734863,1.553999900817871,11.504203096613809,HAPV3.SA
30,2020-11-11 00:00:00-03:00,13.699999809265137,2020-12-02 00:00:00-03:00,14.779999732971191,1.0799999237060547,7.587907854132742,HAPV3.SA
31,2020-12-07 00:00:00-03:00,15.029999732971191,2020-12-17 00:00:00-03:00,15.5,0.4700002670288086,3.079183792670585,HAPV3.SA
32,2021-01-06 00:00:00-03:00,14.109999656677246,2021-01-11 00:00:00-03:00,18.200000762939453,4.090001106262207,25.453789446965143,HAPV3.SA
33,2021-01-29 00:00:00-03:00,17.170000076293945,2021-02-08 00:00:00-03:00,18.06999969482422,0.8999996185302734,5.1089408362775615,HAPV3.SA
34,2021-02-26 00:00:00-03:00,15.5,2021-03-16 00:00:00-03:00,15.920000076293945,0.4200000762939453,2.673616128336923,HAPV3.SA
35,2021-04-06 00:00:00-03:00,14.649999618530273,2021-04-16 00:00:00-03:00,15.34000015258789,0.6900005340576172,4.602349646198276,HAPV3.SA
36,2021-04-30 00:00:00-03:00,14.4399995803833,2021-05-07 00:00:00-03:00,15.319999694824219,0.880000114440918,5.915703998700328,HAPV3.SA
37,2021-05-12 00:00:00-03:00,14.199999809265137,2021-05-31 00:00:00-03:00,16.0,1.8000001907348633,11.934677106459894,HAPV3.SA
38,2021-06-14 00:00:00-03:00,15.119999885559082,2021-06-24 00:00:00-03:00,15.779999732971191,0.6599998474121094,4.272493531320709,HAPV3.SA
39,2021-07-30 00:00:00-03:00,14.229999542236328,2021-08-20 00:00:00-03:00,15.529999732971191,1.3000001907348633,8.742124003336524,HAPV3.SA
40,2021-09-08 00:00:00-03:00,14.569999694824219,2021-09-15 00:00:00-03:00,15.380000114440918,0.8100004196166992,5.410337225676601,HAPV3.SA
41,2021-10-07 00:00:00-03:00,12.5,2021-10-15 00:00:00-03:00,13.010000228881836,0.5100002288818359,3.9989665808920423,HAPV3.SA
42,2021-11-04 00:00:00-03:00,12.260000228881836,2021-11-11 00:00:00-03:00,13.739999771118164,1.4799995422363281,11.396932095907976,HAPV3.SA
43,2021-12-01 00:00:00-03:00,10.329999923706055,2021-12-16 00:00:00-03:00,11.539999961853027,1.2100000381469727,11.076698202844357,HAPV3.SA
44,2022-01-10 00:00:00-03:00,9.399999618530273,2022-01-26 00:00:00-03:00,12.550000190734863,3.15000057220459,28.90110320817182,HAPV3.SA
45,2022-02-08 00:00:00-03:00,11.380000114440918,2022-02-15 00:00:00-03:00,12.770000457763672,1.390000343322754,11.52412671367456,HAPV3.SA
46,2022-03-15 00:00:00-03:00,11.270000457763672,2022-04-01 00:00:00-03:00,12.350000381469727,1.0799999237060547,9.151172529264393,HAPV3.SA
47,2022-04-28 00:00:00-03:00,9.180000305175781,2022-05-03 00:00:00-03:00,8.84000015258789,-0.3400001525878906,-3.774034396532213,HAPV3.SA
48,2022-06-07 00:00:00-03:00,5.869999885559082,2022-06-17 00:00:00-03:00,6.150000095367432,0.2800002098083496,4.659748298121831,HAPV3.SA
49,2022-07-18 00:00:00-03:00,5.690000057220459,2022-08-12 00:00:00-03:00,7.71999979019165,2.0299997329711914,30.51040786648779,HAPV3.SA
50,2022-08-31 00:00:00-03:00,7.28000020980835,2022-09-12 00:00:00-03:00,8.359999656677246,1.0799994468688965,13.8327495000872,HAPV3.SA
51,2022-10-14 00:00:00-03:00,7.059999942779541,2022-11-04 00:00:00-03:00,7.909999847412109,0.8499999046325684,11.368271908878803,HAPV3.SA
52,2022-12-01 00:00:00-03:00,4.909999847412109,2022-12-02 00:00:00-03:00,5.230000019073486,0.32000017166137695,6.313737099430441,HAPV3.SA
0,2007-10-30 00:00:00-02:00,31.149999618530273,2007-11-09 00:00:00-02:00,37.0,5.850000381469727,17.21036796569815,B3SA3.SA
1,2007-11-27 00:00:00-02:00,30.0,2007-12-10 00:00:00-02:00,35.849998474121094,5.849998474121094,17.814614282060255,B3SA3.SA
2,2008-01-07 00:00:00-02:00,28.729999542236328,2008-01-08 00:00:00-02:00,29.950000762939453,1.220001220703125,4.1587492977329985,B3SA3.SA
3,2008-02-08 00:00:00-02:00,23.520000457763672,2008-03-03 00:00:00-03:00,27.799999237060547,4.279998779296875,16.71848507595587,B3SA3.SA
4,2008-03-20 00:00:00-03:00,23.0,2008-04-04 00:00:00-03:00,26.489999771118164,3.489999771118164,14.12730787145177,B3SA3.SA
5,2008-04-24 00:00:00-03:00,20.049999237060547,2008-05-02 00:00:00-03:00,28.25,8.200000762939453,34.28643418917156,B3SA3.SA
6,2008-06-11 00:00:00-03:00,21.75,2008-06-17 00:00:00-03:00,24.239999771118164,2.489999771118164,10.839039422410062,B3SA3.SA
7,2008-07-21 00:00:00-03:00,17.0,2008-07-31 00:00:00-03:00,19.790000915527344,2.7900009155273438,15.196346182037669,B3SA3.SA
8,2008-09-04 00:00:00-03:00,10.550000190734863,2008-09-05 00:00:00-03:00,10.800000190734863,0.25,2.342027378960014,B3SA3.SA
9,2008-10-16 00:00:00-03:00,6.699999809265137,2008-11-04 00:00:00-02:00,6.75,0.05000019073486328,0.7435006955408521,B3SA3.SA
10,2008-11-21 00:00:00-02:00,4.010000228881836,2008-12-18 00:00:00-02:00,6.449999809265137,2.439999580383301,47.52888028401433,B3SA3.SA
11,2008-12-23 00:00:00-02:00,5.559999942779541,2009-01-06 00:00:00-02:00,7.119999885559082,1.559999942779541,24.730961137968013,B3SA3.SA
12,2009-01-20 00:00:00-02:00,5.800000190734863,2009-02-05 00:00:00-02:00,6.929999828338623,1.1299996376037598,17.800183799335574,B3SA3.SA
13,2009-03-02 00:00:00-03:00,5.800000190734863,2009-03-23 00:00:00-03:00,7.190000057220459,1.3899998664855957,21.48332292536002,B3SA3.SA
14,2009-03-31 00:00:00-03:00,7.03000020980835,2009-04-13 00:00:00-03:00,8.739999771118164,1.7099995613098145,21.772342781230215,B3SA3.SA
15,2009-04-15 00:00:00-03:00,8.25,2009-05-04 00:00:00-03:00,9.529999732971191,1.2799997329711914,14.42314892997086,B3SA3.SA
16,2009-05-21 00:00:00-03:00,9.949999809265137,2009-06-08 00:00:00-03:00,12.609999656677246,2.6599998474121094,23.691759074943008,B3SA3.SA
17,2009-06-23 00:00:00-03:00,10.75,2009-07-01 00:00:00-03:00,11.899999618530273,1.1499996185302734,10.163261348753178,B3SA3.SA
18,2009-07-14 00:00:00-03:00,11.0600004196167,2009-07-16 00:00:00-03:00,12.09000015258789,1.0299997329711914,8.904364321348613,B3SA3.SA
19,2009-08-06 00:00:00-03:00,11.75,2009-08-12 00:00:00-03:00,12.710000038146973,0.9600000381469727,7.8535847612530185,B3SA3.SA
20,2009-09-02 00:00:00-03:00,11.020000457763672,2009-09-28 00:00:00-03:00,13.399999618530273,2.3799991607666016,19.554283322485453,B3SA3.SA
21,2009-10-27 00:00:00-02:00,11.5,2009-11-09 00:00:00-02:00,12.720000267028809,1.2200002670288086,10.082854353560231,B3SA3.SA
22,2009-11-26 00:00:00-02:00,11.579999923706055,2009-12-02 00:00:00-02:00,12.229999542236328,0.6499996185302734,5.461244671308222,B3SA3.SA
23,2009-12-21 00:00:00-02:00,11.699999809265137,2010-01-05 00:00:00-02:00,13.0,1.3000001907348633,10.536053195995146,B3SA3.SA
24,2010-01-27 00:00:00-02:00,12.199999809265137,2010-02-02 00:00:00-02:00,12.979999542236328,0.7799997329711914,6.197373990389083,B3SA3.SA
25,2010-02-25 00:00:00-03:00,11.449999809265137,2010-04-05 00:00:00-03:00,12.350000381469727,0.9000005722045898,7.5666380620040785,B3SA3.SA
26,2010-04-27 00:00:00-03:00,11.300000190734863,2010-05-17 00:00:00-03:00,11.720000267028809,0.4200000762939453,3.649406433540805,B3SA3.SA
27,2010-05-20 00:00:00-03:00,10.739999771118164,2010-05-26 00:00:00-03:00,12.199999809265137,1.4600000381469727,12.746086833564515,B3SA3.SA
28,2010-06-30 00:00:00-03:00,11.600000381469727,2010-07-22 00:00:00-03:00,12.100000381469727,0.5,4.220035313147884,B3SA3.SA
29,2010-07-23 00:00:00-03:00,12.350000381469727,2010-08-09 00:00:00-03:00,13.460000038146973,1.109999656677246,8.6066233088458,B3SA3.SA
30,2010-08-24 00:00:00-03:00,12.40999984741211,2010-09-23 00:00:00-03:00,14.899999618530273,2.489999771118164,18.285860042846156,B3SA3.SA
31,2010-10-01 00:00:00-03:00,14.039999961853027,2010-10-13 00:00:00-03:00,15.619999885559082,1.5799999237060547,10.664174120433245,B3SA3.SA
32,2010-10-21 00:00:00-02:00,13.630000114440918,2010-11-04 00:00:00-02:00,14.5,0.869999885559082,6.18753953218352,B3SA3.SA
33,2010-11-30 00:00:00-02:00,13.050000190734863,2010-12-03 00:00:00-02:00,13.529999732971191,0.4799995422363281,3.6121274062242072,B3SA3.SA
34,2011-01-14 00:00:00-02:00,12.399999618530273,2011-01-17 00:00:00-02:00,12.449999809265137,0.05000019073486328,0.40241657433440103,B3SA3.SA
35,2011-02-22 00:00:00-03:00,11.010000228881836,2011-03-03 00:00:00-03:00,11.600000381469727,0.5900001525878906,5.220115947451025,B3SA3.SA
36,2011-03-28 00:00:00-03:00,11.100000381469727,2011-04-07 00:00:00-03:00,12.229999542236328,1.1299991607666016,9.694676958457784,B3SA3.SA
37,2011-05-09 00:00:00-03:00,4.0233330726623535,2011-05-11 00:00:00-03:00,3.933332920074463,-0.09000015258789062,-2.2623543913834596,B3SA3.SA
38,2011-06-16 00:00:00-03:00,3.493333101272583,2011-07-01 00:00:00-03:00,3.623332977294922,0.12999987602233887,3.653799040715248,B3SA3.SA
39,2011-08-03 00:00:00-03:00,2.7899999618530273,2011-08-17 00:00:00-03:00,3.0833330154418945,0.2933330535888672,9.996957759576857,B3SA3.SA
40,2011-08-25 00:00:00-03:00,2.916666030883789,2011-09-01 00:00:00-03:00,3.366666078567505,0.4500000476837158,14.348176677748075,B3SA3.SA
41,2011-10-03 00:00:00-03:00,2.866666078567505,2011-10-28 00:00:00-02:00,3.4633328914642334,0.5966668128967285,18.908167941763914,B3SA3.SA
42,2011-11-22 00:00:00-02:00,3.299999952316284,2011-12-05 00:00:00-02:00,3.536665916442871,0.23666596412658691,6.926199780756689,B3SA3.SA
43,2012-01-02 00:00:00-02:00,3.25,2012-01-26 00:00:00-02:00,3.563333034515381,0.31333303451538086,9.20413561680871,B3SA3.SA
44,2012-01-27 00:00:00-02:00,3.630000114440918,2012-02-14 00:00:00-02:00,4.103332996368408,0.47333288192749023,12.256688960526347,B3SA3.SA
45,2012-02-29 00:00:00-03:00,3.8299999237060547,2012-03-13 00:00:00-03:00,4.216666221618652,0.38666629791259766,9.618003768796603,B3SA3.SA
46,2012-03-30 00:00:00-03:00,3.7466659545898438,2012-04-09 00:00:00-03:00,3.796665906906128,0.04999995231628418,1.3256922937114235,B3SA3.SA
47,2012-05-17 00:00:00-03:00,3.0666658878326416,2012-06-08 00:00:00-03:00,3.430000066757202,0.36333417892456055,11.196933922135363,B3SA3.SA
48,2012-06-21 00:00:00-03:00,3.2166659832000732,2012-07-05 00:00:00-03:00,3.803333044052124,0.5866670608520508,16.75323849398558,B3SA3.SA
49,2012-07-24 00:00:00-03:00,3.5799999237060547,2012-08-06 00:00:00-03:00,4.0,0.4200000762939453,11.093158201843984,B3SA3.SA
50,2012-08-31 00:00:00-03:00,3.563333034515381,2012-09-24 00:00:00-03:00,4.356666088104248,0.7933330535888672,20.101075365894776,B3SA3.SA
51,2012-09-28 00:00:00-03:00,4.0833330154418945,2012-10-16 00:00:00-03:00,4.5,0.41666698455810547,9.716382630461542,B3SA3.SA
52,2012-10-24 00:00:00-02:00,4.28000020980835,2012-11-06 00:00:00-02:00,4.606666088104248,0.32666587829589844,7.355134546463887,B3SA3.SA
53,2012-11-21 00:00:00-02:00,4.139999866485596,2012-12-19 00:00:00-02:00,4.766665935516357,0.6266660690307617,14.0951339622197,B3SA3.SA
54,2013-01-16 00:00:00-02:00,4.466666221618652,2013-02-05 00:00:00-02:00,4.783332824707031,0.3166666030883789,6.8495228553353975,B3SA3.SA
55,2013-02-21 00:00:00-03:00,4.316666126251221,2013-03-06 00:00:00-03:00,4.670000076293945,0.3533339500427246,7.86757137331773,B3SA3.SA
56,2013-03-21 00:00:00-03:00,4.363333225250244,2013-04-10 00:00:00-03:00,4.630000114440918,0.26666688919067383,5.932062633246623,B3SA3.SA
57,2013-04-19 00:00:00-03:00,4.400000095367432,2013-05-10 00:00:00-03:00,4.816666126251221,0.41666603088378906,9.047745109471519,B3SA3.SA
58,2013-06-03 00:00:00-03:00,4.650000095367432,2013-06-04 00:00:00-03:00,4.6533331871032715,0.0033330917358398438,0.07165371329280501,B3SA3.SA
59,2013-07-03 00:00:00-03:00,4.03000020980835,2013-07-11 00:00:00-03:00,4.300000190734863,0.26999998092651367,6.484863903624519,B3SA3.SA
60,2013-08-06 00:00:00-03:00,3.853332996368408,2013-08-08 00:00:00-03:00,4.033332824707031,0.17999982833862305,4.565455070041006,B3SA3.SA
61,2013-08-28 00:00:00-03:00,3.8399999141693115,2013-09-17 00:00:00-03:00,4.286665916442871,0.44666600227355957,11.003691088012772,B3SA3.SA
62,2013-09-30 00:00:00-03:00,4.126666069030762,2013-10-22 00:00:00-02:00,4.353332996368408,0.22666692733764648,5.347192401087175,B3SA3.SA
63,2013-11-12 00:00:00-02:00,3.8233330249786377,2013-11-22 00:00:00-02:00,4.0,0.1766669750213623,4.517179929747293,B3SA3.SA
64,2014-01-07 00:00:00-02:00,3.4366660118103027,2014-01-15 00:00:00-02:00,3.4466660022735596,0.009999990463256836,0.2905568837319905,B3SA3.SA
65,2014-02-03 00:00:00-02:00,3.0766661167144775,2014-02-06 00:00:00-02:00,3.303333044052124,0.22666692733764648,7.108539100398977,B3SA3.SA
66,2014-02-20 00:00:00-03:00,3.1566660404205322,2014-03-07 00:00:00-03:00,3.423332929611206,0.26666688919067383,8.10981971984579,B3SA3.SA
67,2014-03-17 00:00:00-03:00,3.346666097640991,2014-04-04 00:00:00-03:00,3.7799999713897705,0.4333338737487793,12.175934649478577,B3SA3.SA
68,2014-04-28 00:00:00-03:00,3.7066659927368164,2014-05-07 00:00:00-03:00,4.0,0.2933340072631836,7.616154278118757,B3SA3.SA
69,2014-06-04 00:00:00-03:00,3.630000114440918,2014-06-18 00:00:00-03:00,4.070000171661377,0.440000057220459,11.44103618285626,B3SA3.SA
70,2014-07-08 00:00:00-03:00,3.75333309173584,2014-07-22 00:00:00-03:00,4.433332920074463,0.679999828338623,16.650738366865646,B3SA3.SA
71,2014-08-13 00:00:00-03:00,4.0,2014-08-18 00:00:00-03:00,4.316666126251221,0.3166661262512207,7.618901316477121,B3SA3.SA
72,2014-08-22 00:00:00-03:00,4.22333288192749,2014-09-05 00:00:00-03:00,4.730000019073486,0.5066671371459961,11.33006077551418,B3SA3.SA
73,2014-09-29 00:00:00-03:00,3.890000104904175,2014-10-13 00:00:00-03:00,4.316666126251221,0.4266660213470459,10.407418968665315,B3SA3.SA
74,2014-11-10 00:00:00-02:00,3.296665906906128,2014-11-26 00:00:00-02:00,3.543333053588867,0.24666714668273926,7.2156198232996696,B3SA3.SA
75,2014-12-12 00:00:00-02:00,2.940000057220459,2014-12-23 00:00:00-02:00,3.2833330631256104,0.34333300590515137,11.044948340578472,B3SA3.SA
76,2015-01-19 00:00:00-02:00,2.993333101272583,2015-01-22 00:00:00-02:00,3.3299999237060547,0.3366668224334717,10.658476496112517,B3SA3.SA
77,2015-02-11 00:00:00-02:00,2.990000009536743,2015-02-27 00:00:00-03:00,3.359999895095825,0.36999988555908203,11.666755216149047,B3SA3.SA
78,2015-03-10 00:00:00-03:00,3.1700000762939453,2015-03-20 00:00:00-03:00,3.793333053588867,0.6233329772949219,17.951345432704855,B3SA3.SA
79,2015-03-26 00:00:00-03:00,3.676666021347046,2015-04-15 00:00:00-03:00,4.146666049957275,0.4700000286102295,12.029828083907274,B3SA3.SA
80,2015-04-20 00:00:00-03:00,4.00666618347168,2015-05-05 00:00:00-03:00,4.260000228881836,0.25333404541015625,6.13096941682141,B3SA3.SA
81,2015-05-29 00:00:00-03:00,3.733333110809326,2015-06-02 00:00:00-03:00,3.940000057220459,0.2066669464111328,5.387930780450889,B3SA3.SA
82,2015-06-24 00:00:00-03:00,3.799999952316284,2015-07-14 00:00:00-03:00,4.013332843780518,0.2133328914642334,5.462097504696547,B3SA3.SA
83,2015-07-29 00:00:00-03:00,3.4066660404205322,2015-08-26 00:00:00-03:00,3.619999885559082,0.2133338451385498,6.073988194632362,B3SA3.SA
84,2015-09-04 00:00:00-03:00,3.4000000953674316,2015-09-16 00:00:00-03:00,3.9600000381469727,0.559999942779541,15.246857522810314,B3SA3.SA
85,2015-09-29 00:00:00-03:00,3.5833330154418945,2015-10-02 00:00:00-03:00,3.926666021347046,0.34333300590515137,9.14973480207916,B3SA3.SA
86,2015-10-14 00:00:00-03:00,3.7666659355163574,2015-10-26 00:00:00-02:00,4.0233330726623535,0.2566671371459961,6.592043871205909,B3SA3.SA
87,2015-11-06 00:00:00-02:00,4.0,2015-11-11 00:00:00-02:00,4.166666030883789,0.16666603088378906,4.082184193235286,B3SA3.SA
88,2015-12-08 00:00:00-02:00,3.7833330631256104,2015-12-17 00:00:00-02:00,3.9033329486846924,0.11999988555908203,3.1225406559124256,B3SA3.SA
89,2016-01-26 00:00:00-02:00,3.3166658878326416,2016-02-22 00:00:00-03:00,3.743333101272583,0.4266672134399414,12.101639041112863,B3SA3.SA
90,2016-02-26 00:00:00-03:00,3.733333110809326,2016-03-17 00:00:00-03:00,5.283332824707031,1.549999713897705,34.72556853569202,B3SA3.SA
91,2016-04-06 00:00:00-03:00,4.926665782928467,2016-04-08 00:00:00-03:00,5.300000190734863,0.3733344078063965,7.304440907238065,B3SA3.SA
92,2016-04-11 00:00:00-03:00,5.22666597366333,2016-04-28 00:00:00-03:00,5.996665954589844,0.7699999809265137,13.743004688466561,B3SA3.SA
93,2016-05-23 00:00:00-03:00,5.416666030883789,2016-06-08 00:00:00-03:00,5.599999904632568,0.1833338737487793,3.328607797887552,B3SA3.SA
94,2016-06-17 00:00:00-03:00,5.356666088104248,2016-06-30 00:00:00-03:00,6.0,0.643333911895752,11.341768615466814,B3SA3.SA
95,2016-07-06 00:00:00-03:00,5.8333330154418945,2016-07-18 00:00:00-03:00,6.789999961853027,0.9566669464111328,15.186239818681196,B3SA3.SA
96,2016-08-03 00:00:00-03:00,6.066666126251221,2016-08-12 00:00:00-03:00,6.449999809265137,0.383333683013916,6.127088490121718,B3SA3.SA
97,2016-09-01 00:00:00-03:00,5.786665916442871,2016-09-08 00:00:00-03:00,5.913332939147949,0.12666702270507812,2.1653330635767745,B3SA3.SA
98,2016-09-29 00:00:00-03:00,5.539999961853027,2016-10-20 00:00:00-02:00,6.199999809265137,0.6599998474121094,11.255476741390055,B3SA3.SA
99,2016-11-11 00:00:00-02:00,5.666666030883789,2016-11-16 00:00:00-02:00,5.586666107177734,-0.07999992370605469,-1.4218236952482979,B3SA3.SA
100,2016-12-15 00:00:00-02:00,5.0,2017-01-12 00:00:00-02:00,5.96999979019165,0.9699997901916504,17.730897982663254,B3SA3.SA
101,2017-01-18 00:00:00-02:00,5.916666030883789,2017-02-08 00:00:00-02:00,6.28000020980835,0.36333417892456055,5.959689409203133,B3SA3.SA
102,2017-03-02 00:00:00-03:00,6.233333110809326,2017-03-15 00:00:00-03:00,6.426665782928467,0.19333267211914062,3.0544663509757637,B3SA3.SA
103,2017-04-13 00:00:00-03:00,6.170000076293945,2017-05-10 00:00:00-03:00,6.6366658210754395,0.46666574478149414,7.291085171334538,B3SA3.SA
104,2017-05-31 00:00:00-03:00,6.139999866485596,2017-06-19 00:00:00-03:00,6.426665782928467,0.2866659164428711,4.56311425891158,B3SA3.SA
105,2017-06-23 00:00:00-03:00,6.286665916442871,2017-07-12 00:00:00-03:00,6.7133331298828125,0.4266672134399414,6.566469911537584,B3SA3.SA
106,2017-07-13 00:00:00-03:00,6.816666126251221,2017-08-02 00:00:00-03:00,7.026666164398193,0.21000003814697266,3.0341848982567825,B3SA3.SA
107,2017-08-04 00:00:00-03:00,7.019999980926514,2017-08-23 00:00:00-03:00,7.613333225250244,0.5933332443237305,8.113786660244795,B3SA3.SA
108,2017-08-31 00:00:00-03:00,7.373332977294922,2017-09-11 00:00:00-03:00,7.656665802001953,0.28333282470703125,3.7706775404521227,B3SA3.SA
109,2017-09-14 00:00:00-03:00,7.789999961853027,2017-09-22 00:00:00-03:00,8.329999923706055,0.5399999618530273,6.702259203407307,B3SA3.SA
110,2017-10-09 00:00:00-03:00,7.863333225250244,2017-10-25 00:00:00-02:00,8.416666030883789,0.5533328056335449,6.8003200508422665,B3SA3.SA
111,2017-11-14 00:00:00-02:00,7.443333148956299,2017-11-22 00:00:00-02:00,8.16333293914795,0.7199997901916504,9.233378159546337,B3SA3.SA
112,2017-12-08 00:00:00-02:00,7.243332862854004,2017-12-27 00:00:00-02:00,7.556665897369385,0.31333303451538086,4.234863340073752,B3SA3.SA
113,2017-12-28 00:00:00-02:00,7.593332767486572,2018-01-18 00:00:00-02:00,8.10666561126709,0.5133328437805176,6.541604340872051,B3SA3.SA
114,2018-02-08 00:00:00-02:00,8.153332710266113,2018-02-26 00:00:00-03:00,9.069999694824219,0.9166669845581055,10.654546530811817,B3SA3.SA
115,2018-03-23 00:00:00-03:00,8.476666450500488,2018-04-12 00:00:00-03:00,8.963333129882812,0.4866666793823242,5.582489364997667,B3SA3.SA
116,2018-05-08 00:00:00-03:00,7.9633331298828125,2018-05-10 00:00:00-03:00,8.226666450500488,0.2633333206176758,3.253323697160318,B3SA3.SA
117,2018-06-18 00:00:00-03:00,6.4033331871032715,2018-07-13 00:00:00-03:00,7.940000057220459,1.5366668701171875,21.509461718984912,B3SA3.SA
118,2018-07-23 00:00:00-03:00,7.663332939147949,2018-08-03 00:00:00-03:00,8.316665649414062,0.6533327102661133,8.181441254533809,B3SA3.SA
119,2018-08-24 00:00:00-03:00,7.039999961853027,2018-08-29 00:00:00-03:00,7.416666030883789,0.3766660690307617,5.212146946925477,B3SA3.SA
120,2018-09-18 00:00:00-03:00,7.400000095367432,2018-10-08 00:00:00-03:00,8.233332633972168,0.8333325386047363,10.671085692555177,B3SA3.SA
121,2018-10-11 00:00:00-03:00,7.940000057220459,2018-10-30 00:00:00-03:00,8.800000190734863,0.8600001335144043,10.283846069292553,B3SA3.SA
122,2018-11-08 00:00:00-02:00,8.516666412353516,2018-11-29 00:00:00-02:00,9.550000190734863,1.0333337783813477,11.451617634391626,B3SA3.SA
123,2018-12-26 00:00:00-02:00,8.683333396911621,2019-01-03 00:00:00-02:00,9.666666030883789,0.983332633972168,10.727798869457779,B3SA3.SA
124,2019-01-11 00:00:00-02:00,9.623332977294922,2019-01-28 00:00:00-02:00,10.743332862854004,1.119999885559082,11.009469535723547,B3SA3.SA
125,2019-02-11 00:00:00-02:00,10.260000228881836,2019-02-22 00:00:00-03:00,11.063332557678223,0.8033323287963867,7.5383404902541935,B3SA3.SA
126,2019-03-07 00:00:00-03:00,10.363332748413086,2019-03-19 00:00:00-03:00,11.5600004196167,1.1966676712036133,10.92770205820254,B3SA3.SA
127,2019-03-27 00:00:00-03:00,10.423333168029785,2019-04-25 00:00:00-03:00,11.59000015258789,1.1666669845581055,10.609580357448898,B3SA3.SA
128,2019-05-17 00:00:00-03:00,10.566665649414062,2019-06-11 00:00:00-03:00,12.673333168029785,2.1066675186157227,18.179573940360008,B3SA3.SA
129,2019-06-17 00:00:00-03:00,11.833333015441895,2019-07-05 00:00:00-03:00,13.466666221618652,1.6333332061767578,12.929708230167956,B3SA3.SA
130,2019-07-12 00:00:00-03:00,13.233332633972168,2019-07-29 00:00:00-03:00,14.206665992736816,0.9733333587646484,7.097244438820003,B3SA3.SA
131,2019-08-05 00:00:00-03:00,13.823332786560059,2019-08-13 00:00:00-03:00,15.286665916442871,1.4633331298828125,10.062299364883687,B3SA3.SA
132,2019-08-26 00:00:00-03:00,14.100000381469727,2019-09-06 00:00:00-03:00,15.300000190734863,1.1999998092651367,8.167801642600793,B3SA3.SA
133,2019-09-13 00:00:00-03:00,14.333333015441895,2019-09-20 00:00:00-03:00,15.10666561126709,0.7733325958251953,5.254827278154647,B3SA3.SA
134,2019-10-07 00:00:00-03:00,14.333333015441895,2019-10-21 00:00:00-03:00,15.630000114440918,1.2966670989990234,8.660434690828092,B3SA3.SA
135,2019-10-22 00:00:00-03:00,15.84333324432373,2019-11-11 00:00:00-03:00,16.700000762939453,0.8566675186157227,5.265996876800812,B3SA3.SA
136,2019-11-26 00:00:00-03:00,15.5,2019-12-05 00:00:00-03:00,16.41666603088379,0.9166660308837891,5.745701629689547,B3SA3.SA
137,2019-12-30 00:00:00-03:00,14.323332786560059,2020-01-20 00:00:00-03:00,15.166666030883789,0.8433332443237305,5.721012442385617,B3SA3.SA
138,2020-01-22 00:00:00-03:00,15.833333015441895,2020-02-03 00:00:00-03:00,16.696666717529297,0.8633337020874023,5.309169945255874,B3SA3.SA
139,2020-02-27 00:00:00-03:00,15.34666633605957,2020-03-06 00:00:00-03:00,15.493332862854004,0.1466665267944336,0.9511519866007219,B3SA3.SA
140,2020-04-01 00:00:00-03:00,11.550000190734863,2020-04-15 00:00:00-03:00,13.306666374206543,1.7566661834716797,14.157968731504377,B3SA3.SA
141,2020-05-12 00:00:00-03:00,11.90999984741211,2020-05-27 00:00:00-03:00,15.529999732971191,3.619999885559082,26.539524941074692,B3SA3.SA
142,2020-06-03 00:00:00-03:00,16.273332595825195,2020-06-24 00:00:00-03:00,17.549999237060547,1.2766666412353516,7.552617546287828,B3SA3.SA
143,2020-06-26 00:00:00-03:00,17.816665649414062,2020-07-15 00:00:00-03:00,20.6299991607666,2.813333511352539,14.661199469553695,B3SA3.SA
144,2020-07-16 00:00:00-03:00,20.5,2020-07-20 00:00:00-03:00,22.466665267944336,1.966665267944336,9.160778084811675,B3SA3.SA
145,2020-08-17 00:00:00-03:00,19.366666793823242,2020-08-28 00:00:00-03:00,20.34000015258789,0.9733333587646484,4.903601636677697,B3SA3.SA
146,2020-10-02 00:00:00-03:00,17.753332138061523,2020-10-20 00:00:00-03:00,19.299999237060547,1.5466670989990234,8.353183198923663,B3SA3.SA
147,2020-11-03 00:00:00-03:00,16.989999771118164,2020-11-06 00:00:00-03:00,18.873332977294922,1.8833332061767578,10.5125049938737,B3SA3.SA
148,2020-11-30 00:00:00-03:00,18.709999084472656,2020-12-02 00:00:00-03:00,19.866666793823242,1.156667709350586,5.998520045021049,B3SA3.SA
149,2020-12-21 00:00:00-03:00,19.66666603088379,2021-01-08 00:00:00-03:00,20.896665573120117,1.2299995422363281,6.066448137695215,B3SA3.SA
150,2021-01-21 00:00:00-03:00,19.366666793823242,2021-02-02 00:00:00-03:00,20.896665573120117,1.529998779296875,7.6036222531118565,B3SA3.SA
151,2021-02-25 00:00:00-03:00,18.29666519165039,2021-03-11 00:00:00-03:00,18.899999618530273,0.6033344268798828,3.244308860499465,B3SA3.SA
152,2021-03-30 00:00:00-03:00,17.833332061767578,2021-04-08 00:00:00-03:00,18.616666793823242,0.7833347320556641,4.298794974625866,B3SA3.SA
153,2021-05-03 00:00:00-03:00,17.163333892822266,2021-05-14 00:00:00-03:00,17.850000381469727,0.6866664886474609,3.922817160864314,B3SA3.SA
154,2021-06-10 00:00:00-03:00,16.0,2021-06-18 00:00:00-03:00,17.3799991607666,1.3799991607666016,8.27313493101564,B3SA3.SA
155,2021-07-28 00:00:00-03:00,15.84000015258789,2021-08-03 00:00:00-03:00,16.010000228881836,0.1700000762939453,1.0675145285449283,B3SA3.SA
156,2021-09-08 00:00:00-03:00,13.119999885559082,2021-09-22 00:00:00-03:00,14.25,1.130000114440918,8.261913192134749,B3SA3.SA
157,2021-10-11 00:00:00-03:00,12.130000114440918,2021-11-11 00:00:00-03:00,13.149999618530273,1.0199995040893555,8.073999722417415,B3SA3.SA
158,2021-12-01 00:00:00-03:00,11.010000228881836,2021-12-10 00:00:00-03:00,12.380000114440918,1.369999885559082,11.727830497733658,B3SA3.SA
159,2022-01-03 00:00:00-03:00,10.720000267028809,2022-01-20 00:00:00-03:00,13.25,2.5299997329711914,21.18863718801718,B3SA3.SA
160,2022-01-24 00:00:00-03:00,13.0600004196167,2022-01-28 00:00:00-03:00,14.739999771118164,1.6799993515014648,12.101071525505024,B3SA3.SA
161,2022-03-07 00:00:00-03:00,13.899999618530273,2022-03-25 00:00:00-03:00,15.140000343322754,1.2400007247924805,8.545145799305798,B3SA3.SA
162,2022-04-12 00:00:00-03:00,14.350000381469727,2022-04-20 00:00:00-03:00,14.6899995803833,0.3399991989135742,2.341699283211406,B3SA3.SA
163,2022-05-13 00:00:00-03:00,11.470000267028809,2022-05-30 00:00:00-03:00,12.800000190734863,1.3299999237060547,10.971023140482512,B3SA3.SA
164,2022-06-17 00:00:00-03:00,11.449999809265137,2022-06-24 00:00:00-03:00,11.600000381469727,0.15000057220458984,1.301541765545785,B3SA3.SA
165,2022-07-15 00:00:00-03:00,10.029999732971191,2022-08-04 00:00:00-03:00,11.899999618530273,1.869999885559082,17.095779271037166,B3SA3.SA
166,2022-08-05 00:00:00-03:00,12.069999694824219,2022-08-15 00:00:00-03:00,13.199999809265137,1.130000114440918,8.949380531710053,B3SA3.SA
167,2022-08-31 00:00:00-03:00,11.850000381469727,2022-09-12 00:00:00-03:00,13.25,1.3999996185302734,11.166965265955344,B3SA3.SA
168,2022-09-29 00:00:00-03:00,12.600000381469727,2022-10-06 00:00:00-03:00,14.829999923706055,2.229999542236328,16.295530677246557,B3SA3.SA
169,2022-10-26 00:00:00-03:00,13.180000305175781,2022-10-31 00:00:00-03:00,15.039999961853027,1.859999656677246,13.201276375650517,B3SA3.SA
170,2022-11-17 00:00:00-03:00,11.649999618530273,2022-11-30 00:00:00-03:00,12.729999542236328,1.0799999237060547,8.865522934234788,B3SA3.SA
0,2008-01-21 00:00:00-02:00,1.0759999752044678,2008-02-01 00:00:00-02:00,1.2480000257492065,0.17200005054473877,14.82918518841953,KLBN4.SA
1,2008-03-04 00:00:00-03:00,1.128000020980835,2008-03-25 00:00:00-03:00,1.159999966621399,0.031999945640563965,2.7973804667718873,KLBN4.SA
2,2008-04-01 00:00:00-03:00,1.2200000286102295,2008-04-08 00:00:00-03:00,1.3220000267028809,0.10199999809265137,8.029487943217246,KLBN4.SA
3,2008-04-23 00:00:00-03:00,1.2979999780654907,2008-05-06 00:00:00-03:00,1.4299999475479126,0.13199996948242188,9.684980620883325,KLBN4.SA
4,2008-06-04 00:00:00-03:00,1.2640000581741333,2008-06-06 00:00:00-03:00,1.2979999780654907,0.03399991989135742,2.6543259634696406,KLBN4.SA
5,2008-07-07 00:00:00-03:00,1.059999942779541,2008-07-21 00:00:00-03:00,1.1339999437332153,0.07400000095367432,6.7482301545174055,KLBN4.SA
6,2008-08-18 00:00:00-03:00,0.9660000205039978,2008-09-01 00:00:00-03:00,0.9959999918937683,0.029999971389770508,3.058339400762291,KLBN4.SA
7,2008-10-10 00:00:00-03:00,0.5920000076293945,2008-10-30 00:00:00-02:00,0.7400000095367432,0.14800000190734863,22.314355131420978,KLBN4.SA
8,2008-11-21 00:00:00-02:00,0.628000020980835,2008-12-12 00:00:00-02:00,0.7300000190734863,0.10199999809265137,15.050436039332899,KLBN4.SA
9,2008-12-23 00:00:00-02:00,0.6819999814033508,2009-01-30 00:00:00-02:00,0.699999988079071,0.018000006675720215,2.605068743785839,KLBN4.SA
10,2009-02-19 00:00:00-03:00,0.6140000224113464,2009-02-27 00:00:00-03:00,0.6159999966621399,0.001999974250793457,0.3251993467209597,KLBN4.SA
11,2009-03-20 00:00:00-03:00,0.5600000023841858,2009-04-03 00:00:00-03:00,0.6079999804496765,0.04799997806549072,8.22380618243596,KLBN4.SA
12,2009-04-08 00:00:00-03:00,0.5960000157356262,2009-04-09 00:00:00-03:00,0.6499999761581421,0.05399996042251587,8.673163274249392,KLBN4.SA
13,2009-05-22 00:00:00-03:00,0.6259999871253967,2009-05-27 00:00:00-03:00,0.6579999923706055,0.03200000524520874,4.98545691968533,KLBN4.SA
14,2009-06-16 00:00:00-03:00,0.6480000019073486,2009-07-07 00:00:00-03:00,0.6480000019073486,0.0,0.0,KLBN4.SA
15,2009-07-28 00:00:00-03:00,0.6480000019073486,2009-08-17 00:00:00-03:00,0.699999988079071,0.05199998617172241,7.718961871779218,KLBN4.SA
16,2009-08-18 00:00:00-03:00,0.699999988079071,2009-09-08 00:00:00-03:00,0.7860000133514404,0.08600002527236938,11.58764914022658,KLBN4.SA
17,2009-09-09 00:00:00-03:00,0.8159999847412109,2009-09-22 00:00:00-03:00,0.8700000047683716,0.054000020027160645,6.407888086490578,KLBN4.SA
18,2009-10-01 00:00:00-03:00,0.8119999766349792,2009-10-16 00:00:00-03:00,0.9679999947547913,0.156000018119812,17.573177047095147,KLBN4.SA
19,2009-10-28 00:00:00-02:00,0.8080000281333923,2009-11-09 00:00:00-02:00,0.9200000166893005,0.1119999885559082,12.981159484398027,KLBN4.SA
20,2009-11-13 00:00:00-02:00,0.9160000085830688,2009-12-02 00:00:00-02:00,1.003999948501587,0.08799993991851807,9.173087491414037,KLBN4.SA
21,2009-12-09 00:00:00-02:00,0.9800000190734863,2009-12-16 00:00:00-02:00,1.065999984741211,0.08599996566772461,8.411599928437017,KLBN4.SA
22,2010-01-20 00:00:00-02:00,1.0379999876022339,2010-02-02 00:00:00-02:00,1.0160000324249268,-0.02199995517730713,-2.142239172921122,KLBN4.SA
23,2010-02-26 00:00:00-03:00,0.949999988079071,2010-03-19 00:00:00-03:00,1.1519999504089355,0.2019999623298645,19.279282616179646,KLBN4.SA
24,2010-03-30 00:00:00-03:00,1.059999942779541,2010-04-09 00:00:00-03:00,1.156000018119812,0.096000075340271,8.669693178235422,KLBN4.SA
25,2010-05-06 00:00:00-03:00,0.949999988079071,2010-05-13 00:00:00-03:00,1.0479999780654907,0.09799998998641968,9.817687190487176,KLBN4.SA
26,2010-06-04 00:00:00-03:00,0.9679999947547913,2010-06-10 00:00:00-03:00,1.0440000295639038,0.07600003480911255,7.55827149025263,KLBN4.SA
27,2010-07-16 00:00:00-03:00,0.9660000205039978,2010-07-27 00:00:00-03:00,1.0360000133514404,0.06999999284744263,6.995858026873064,KLBN4.SA
28,2010-08-19 00:00:00-03:00,0.9559999704360962,2010-09-10 00:00:00-03:00,1.031999945640564,0.07599997520446777,7.649601124081921,KLBN4.SA
29,2010-10-07 00:00:00-03:00,0.9340000152587891,2010-10-26 00:00:00-02:00,0.9620000123977661,0.02799999713897705,2.9538008987321454,KLBN4.SA
30,2010-11-23 00:00:00-02:00,0.9020000100135803,2010-11-25 00:00:00-02:00,0.984000027179718,0.0820000171661377,8.701139350976376,KLBN4.SA
31,2010-11-29 00:00:00-02:00,0.9760000109672546,2010-12-16 00:00:00-02:00,1.1640000343322754,0.18800002336502075,17.615506013643092,KLBN4.SA
32,2010-12-28 00:00:00-02:00,1.1299999952316284,2010-12-29 00:00:00-02:00,1.1820000410079956,0.05200004577636719,4.499032517319032,KLBN4.SA
33,2011-01-31 00:00:00-02:00,1.1360000371932983,2011-02-02 00:00:00-02:00,1.1360000371932983,0.0,0.0,KLBN4.SA
34,2011-02-23 00:00:00-03:00,1.121999979019165,2011-02-25 00:00:00-03:00,1.24399995803833,0.12199997901916504,10.32191721847333,KLBN4.SA
35,2011-03-21 00:00:00-03:00,1.218000054359436,2011-04-04 00:00:00-03:00,1.3600000143051147,0.1419999599456787,11.027449634864412,KLBN4.SA
36,2011-05-02 00:00:00-03:00,1.1720000505447388,2011-05-03 00:00:00-03:00,1.184000015258789,0.011999964714050293,1.0186815067574522,KLBN4.SA
37,2011-06-10 00:00:00-03:00,1.1299999952316284,2011-07-04 00:00:00-03:00,1.1660000085830688,0.03600001335144043,3.136146678497181,KLBN4.SA
38,2011-07-19 00:00:00-03:00,1.0399999618530273,2011-07-27 00:00:00-03:00,1.0479999780654907,0.008000016212463379,0.7662888495475645,KLBN4.SA
39,2011-08-19 00:00:00-03:00,0.9700000286102295,2011-09-01 00:00:00-03:00,1.0859999656677246,0.11599993705749512,11.296036788785699,KLBN4.SA
40,2011-09-28 00:00:00-03:00,0.9879999756813049,2011-10-17 00:00:00-02:00,1.1859999895095825,0.1980000138282776,18.265889757865843,KLBN4.SA
41,2011-10-21 00:00:00-02:00,1.2300000190734863,2011-11-11 00:00:00-02:00,1.3279999494552612,0.0979999303817749,7.6659828102218635,KLBN4.SA
42,2011-11-14 00:00:00-02:00,1.3040000200271606,2011-12-01 00:00:00-02:00,1.4539999961853027,0.1499999761581421,10.888189762502634,KLBN4.SA
43,2011-12-08 00:00:00-02:00,1.409999966621399,2011-12-23 00:00:00-02:00,1.5740000009536743,0.1640000343322754,11.003046988379381,KLBN4.SA
44,2011-12-28 00:00:00-02:00,1.5499999523162842,2012-01-12 00:00:00-02:00,1.6319999694824219,0.0820000171661377,5.155133767495157,KLBN4.SA
45,2012-02-06 00:00:00-02:00,1.531999945640564,2012-03-02 00:00:00-03:00,1.8140000104904175,0.2820000648498535,16.896032164023705,KLBN4.SA
46,2012-03-23 00:00:00-03:00,1.694000005722046,2012-04-12 00:00:00-03:00,1.7699999809265137,0.07599997520446777,4.388693620206303,KLBN4.SA
47,2012-05-09 00:00:00-03:00,1.753999948501587,2012-05-11 00:00:00-03:00,1.7580000162124634,0.004000067710876465,0.22779438956557546,KLBN4.SA
48,2012-06-05 00:00:00-03:00,1.6820000410079956,2012-06-06 00:00:00-03:00,1.805999994277954,0.1239999532699585,7.113086589518766,KLBN4.SA
49,2012-06-26 00:00:00-03:00,1.7200000286102295,2012-07-04 00:00:00-03:00,1.8279999494552612,0.10799992084503174,6.08981379224472,KLBN4.SA
50,2012-07-25 00:00:00-03:00,1.7319999933242798,2012-08-03 00:00:00-03:00,1.8680000305175781,0.13600003719329834,7.559154985778253,KLBN4.SA
51,2012-08-23 00:00:00-03:00,1.7979999780654907,2012-09-13 00:00:00-03:00,2.0,0.20200002193450928,10.647225670991013,KLBN4.SA
52,2012-09-18 00:00:00-03:00,1.944000005722046,2012-10-08 00:00:00-03:00,2.2060000896453857,0.26200008392333984,12.643325248669763,KLBN4.SA
53,2012-10-09 00:00:00-03:00,2.2119998931884766,2012-10-22 00:00:00-02:00,2.385999917984009,0.17400002479553223,7.572125392909998,KLBN4.SA
54,2012-11-14 00:00:00-02:00,2.2960000038146973,2012-12-07 00:00:00-02:00,2.444000005722046,0.14800000190734863,6.246756353183808,KLBN4.SA
55,2012-12-17 00:00:00-02:00,2.3980000019073486,2013-01-03 00:00:00-02:00,2.5739998817443848,0.17599987983703613,7.08260058308674,KLBN4.SA
56,2013-01-11 00:00:00-02:00,2.5460000038146973,2013-01-23 00:00:00-02:00,2.759999990463257,0.21399998664855957,8.070717464019218,KLBN4.SA
57,2013-02-21 00:00:00-03:00,2.5920000076293945,2013-03-18 00:00:00-03:00,2.7839999198913574,0.1919999122619629,7.145893226404923,KLBN4.SA
58,2013-03-25 00:00:00-03:00,2.6700000762939453,2013-04-10 00:00:00-03:00,2.9059998989105225,0.23599982261657715,8.469902937495295,KLBN4.SA
59,2013-04-17 00:00:00-03:00,2.6679999828338623,2013-05-08 00:00:00-03:00,2.757999897003174,0.08999991416931152,3.317662040706468,KLBN4.SA
60,2013-06-14 00:00:00-03:00,2.111999988555908,2013-07-01 00:00:00-03:00,2.2720000743865967,0.16000008583068848,7.302517317407298,KLBN4.SA
61,2013-07-08 00:00:00-03:00,2.125999927520752,2013-07-15 00:00:00-03:00,2.257999897003174,0.13199996948242188,6.023717428536845,KLBN4.SA
62,2013-08-06 00:00:00-03:00,2.1080000400543213,2013-08-19 00:00:00-03:00,2.3359999656677246,0.22799992561340332,10.270040058872802,KLBN4.SA
63,2013-08-20 00:00:00-03:00,2.319999933242798,2013-09-09 00:00:00-03:00,2.5320000648498535,0.21200013160705566,8.744237299047379,KLBN4.SA
64,2013-09-26 00:00:00-03:00,2.2760000228881836,2013-10-15 00:00:00-03:00,2.4600000381469727,0.18400001525878906,7.774183913076657,KLBN4.SA
65,2013-11-11 00:00:00-02:00,2.313999891281128,2013-12-02 00:00:00-02:00,2.4700000286102295,0.15600013732910156,6.524058043458175,KLBN4.SA
66,2013-12-13 00:00:00-02:00,2.312000036239624,2013-12-19 00:00:00-02:00,2.4760000705718994,0.1640000343322754,6.853141684002304,KLBN4.SA
67,2014-01-07 00:00:00-02:00,2.369999885559082,2014-01-16 00:00:00-02:00,2.5460000038146973,0.17600011825561523,7.163359477379334,KLBN4.SA
68,2014-02-05 00:00:00-02:00,2.3459999561309814,2014-02-14 00:00:00-02:00,2.5380001068115234,0.192000150680542,7.8664679845326475,KLBN4.SA
69,2014-03-10 00:00:00-03:00,2.0959999561309814,2014-03-27 00:00:00-03:00,2.3499999046325684,0.2539999485015869,11.438454204526062,KLBN4.SA
70,2014-04-15 00:00:00-03:00,2.1700000762939453,2014-04-22 00:00:00-03:00,2.299999952316284,0.12999987602233887,5.818189949218576,KLBN4.SA
71,2014-05-14 00:00:00-03:00,2.240000009536743,2014-06-04 00:00:00-03:00,2.240000009536743,0.0,0.0,KLBN4.SA
72,2014-06-27 00:00:00-03:00,2.240000009536743,2014-07-21 00:00:00-03:00,2.240000009536743,0.0,0.0,KLBN4.SA
73,2014-08-11 00:00:00-03:00,2.240000009536743,2014-09-01 00:00:00-03:00,2.240000009536743,0.0,0.0,KLBN4.SA
74,2014-09-22 00:00:00-03:00,2.240000009536743,2014-10-13 00:00:00-03:00,2.240000009536743,0.0,0.0,KLBN4.SA
75,2014-11-03 00:00:00-02:00,2.240000009536743,2014-11-25 00:00:00-02:00,2.240000009536743,0.0,0.0,KLBN4.SA
76,2014-12-16 00:00:00-02:00,2.240000009536743,2015-01-12 00:00:00-02:00,2.240000009536743,0.0,0.0,KLBN4.SA
77,2015-02-02 00:00:00-02:00,2.240000009536743,2015-02-25 00:00:00-03:00,2.240000009536743,0.0,0.0,KLBN4.SA
78,2015-03-18 00:00:00-03:00,2.240000009536743,2015-04-09 00:00:00-03:00,2.240000009536743,0.0,0.0,KLBN4.SA
79,2015-05-04 00:00:00-03:00,2.240000009536743,2015-05-25 00:00:00-03:00,2.240000009536743,0.0,0.0,KLBN4.SA
80,2015-06-16 00:00:00-03:00,2.240000009536743,2015-07-07 00:00:00-03:00,2.240000009536743,0.0,0.0,KLBN4.SA
81,2015-07-29 00:00:00-03:00,2.240000009536743,2015-08-19 00:00:00-03:00,2.240000009536743,0.0,0.0,KLBN4.SA
82,2015-09-10 00:00:00-03:00,2.240000009536743,2015-10-01 00:00:00-03:00,2.240000009536743,0.0,0.0,KLBN4.SA
83,2015-10-23 00:00:00-02:00,2.240000009536743,2015-11-16 00:00:00-02:00,2.240000009536743,0.0,0.0,KLBN4.SA
84,2015-12-08 00:00:00-02:00,2.240000009536743,2016-01-04 00:00:00-02:00,2.240000009536743,0.0,0.0,KLBN4.SA
85,2016-01-26 00:00:00-02:00,2.240000009536743,2016-02-18 00:00:00-02:00,2.240000009536743,0.0,0.0,KLBN4.SA
86,2016-03-10 00:00:00-03:00,2.240000009536743,2016-04-01 00:00:00-03:00,2.240000009536743,0.0,0.0,KLBN4.SA
87,2016-04-25 00:00:00-03:00,2.240000009536743,2016-05-16 00:00:00-03:00,2.240000009536743,0.0,0.0,KLBN4.SA
88,2016-06-07 00:00:00-03:00,2.240000009536743,2016-06-10 00:00:00-03:00,2.559999942779541,0.31999993324279785,13.353136601530604,KLBN4.SA
89,2016-06-28 00:00:00-03:00,2.200000047683716,2016-07-04 00:00:00-03:00,2.430000066757202,0.23000001907348633,9.943390278587023,KLBN4.SA
90,2016-08-02 00:00:00-03:00,2.4200000762939453,2016-08-16 00:00:00-03:00,2.619999885559082,0.19999980926513672,7.940670239824661,KLBN4.SA
91,2016-09-13 00:00:00-03:00,2.569999933242798,2016-10-05 00:00:00-03:00,2.859999895095825,0.28999996185302734,10.691571522041604,KLBN4.SA
92,2016-11-03 00:00:00-02:00,2.700000047683716,2016-11-14 00:00:00-02:00,2.799999952316284,0.09999990463256836,3.6367609480340963,KLBN4.SA
93,2016-12-05 00:00:00-02:00,2.619999885559082,2016-12-16 00:00:00-02:00,2.8499999046325684,0.23000001907348633,8.414468672503698,KLBN4.SA
94,2016-12-22 00:00:00-02:00,2.690000057220459,2017-01-03 00:00:00-02:00,2.859999895095825,0.1699998378753662,6.128037326668564,KLBN4.SA
95,2017-01-11 00:00:00-02:00,2.7699999809265137,2017-02-15 00:00:00-02:00,2.7799999713897705,0.009999990463256836,0.3603604097584179,KLBN4.SA
96,2017-03-08 00:00:00-03:00,2.609999895095825,2017-04-04 00:00:00-03:00,2.759999990463257,0.15000009536743164,5.588049513228604,KLBN4.SA
97,2017-04-13 00:00:00-03:00,2.6500000953674316,2017-04-24 00:00:00-03:00,2.890000104904175,0.24000000953674316,8.669686243752226,KLBN4.SA
98,2017-05-17 00:00:00-03:00,2.7699999809265137,2017-05-23 00:00:00-03:00,3.0,0.23000001907348633,7.976497535459772,KLBN4.SA
99,2017-06-09 00:00:00-03:00,2.8299999237060547,2017-06-14 00:00:00-03:00,2.950000047683716,0.12000012397766113,4.152850181954519,KLBN4.SA
100,2017-07-07 00:00:00-03:00,2.7899999618530273,2017-07-21 00:00:00-03:00,2.940000057220459,0.15000009536743164,5.23680186528071,KLBN4.SA
101,2017-08-09 00:00:00-03:00,2.809999942779541,2017-08-15 00:00:00-03:00,2.930000066757202,0.12000012397766113,4.181798283050212,KLBN4.SA
102,2017-08-18 00:00:00-03:00,2.9700000286102295,2017-08-28 00:00:00-03:00,3.1600000858306885,0.19000005722045898,6.201009231274852,KLBN4.SA
103,2017-09-06 00:00:00-03:00,3.1500000953674316,2017-09-19 00:00:00-03:00,3.490000009536743,0.3399999141693115,10.249925583401051,KLBN4.SA
104,2017-10-02 00:00:00-03:00,3.299999952316284,2017-10-16 00:00:00-02:00,3.509999990463257,0.21000003814697266,6.169358073792997,KLBN4.SA
105,2017-11-07 00:00:00-02:00,3.319999933242798,2017-11-09 00:00:00-02:00,3.430000066757202,0.1100001335144043,3.2595517819783573,KLBN4.SA
106,2017-12-15 00:00:00-02:00,3.0399999618530273,2018-01-04 00:00:00-02:00,3.2799999713897705,0.24000000953674316,7.598591080363737,KLBN4.SA
107,2018-01-17 00:00:00-02:00,3.069999933242798,2018-01-29 00:00:00-02:00,3.3299999237060547,0.25999999046325684,8.129474122716891,KLBN4.SA
108,2018-02-08 00:00:00-02:00,3.119999885559082,2018-03-14 00:00:00-03:00,3.369999885559082,0.25,7.707974526393148,KLBN4.SA
109,2018-03-22 00:00:00-03:00,3.1700000762939453,2018-04-06 00:00:00-03:00,3.4000000953674316,0.23000001907348633,7.004384771468041,KLBN4.SA
110,2018-04-25 00:00:00-03:00,3.2899999618530273,2018-05-21 00:00:00-03:00,3.640000104904175,0.35000014305114746,10.109615728602122,KLBN4.SA
111,2018-06-11 00:00:00-03:00,3.1700000762939453,2018-06-14 00:00:00-03:00,3.200000047683716,0.029999971389770508,0.9419212750162362,KLBN4.SA
112,2018-07-05 00:00:00-03:00,3.130000114440918,2018-07-24 00:00:00-03:00,3.3299999237060547,0.19999980926513672,6.193923996660267,KLBN4.SA
113,2018-08-15 00:00:00-03:00,3.0999999046325684,2018-09-03 00:00:00-03:00,3.3299999237060547,0.23000001907348633,7.157020035384511,KLBN4.SA
114,2018-09-28 00:00:00-03:00,3.190000057220459,2018-10-02 00:00:00-03:00,3.200000047683716,0.009999990463256836,0.3129889972640981,KLBN4.SA
115,2018-11-12 00:00:00-02:00,3.0,2018-11-16 00:00:00-02:00,3.0199999809265137,0.019999980926513672,0.664453640294461,KLBN4.SA
116,2018-12-27 00:00:00-02:00,2.809999942779541,2019-01-23 00:00:00-02:00,3.1700000762939453,0.3600001335144043,12.054714897417805,KLBN4.SA
117,2019-02-13 00:00:00-02:00,3.140000104904175,2019-02-26 00:00:00-03:00,3.2100000381469727,0.06999993324279785,2.2048115696582173,KLBN4.SA
118,2019-03-27 00:00:00-03:00,3.0199999809265137,2019-04-02 00:00:00-03:00,3.109999895095825,0.08999991416931152,2.936586738884206,KLBN4.SA
119,2019-05-15 00:00:00-03:00,2.8499999046325684,2019-05-21 00:00:00-03:00,3.0199999809265137,0.1700000762939453,5.793786425275242,KLBN4.SA
120,2019-06-14 00:00:00-03:00,2.890000104904175,2019-06-26 00:00:00-03:00,3.0899999141693115,0.19999980926513672,6.691452470936941,KLBN4.SA
121,2019-06-28 00:00:00-03:00,3.059999942779541,2019-07-05 00:00:00-03:00,3.1600000858306885,0.10000014305114746,3.2157157495637883,KLBN4.SA
122,2019-08-09 00:00:00-03:00,2.890000104904175,2019-08-13 00:00:00-03:00,2.9700000286102295,0.07999992370605469,2.730542402431959,KLBN4.SA
123,2019-09-03 00:00:00-03:00,2.880000114440918,2019-09-13 00:00:00-03:00,2.9700000286102295,0.08999991416931152,3.077162856339844,KLBN4.SA
124,2019-10-08 00:00:00-03:00,2.809999942779541,2019-11-01 00:00:00-03:00,3.0899999141693115,0.2799999713897705,9.498660015023038,KLBN4.SA
125,2019-11-06 00:00:00-03:00,3.2799999713897705,2019-11-12 00:00:00-03:00,3.4600000381469727,0.18000006675720215,5.342518642134795,KLBN4.SA
126,2019-11-28 00:00:00-03:00,3.4200000762939453,2019-12-13 00:00:00-03:00,3.6600000858306885,0.24000000953674316,6.78225974815977,KLBN4.SA
127,2019-12-27 00:00:00-03:00,3.549999952316284,2020-01-13 00:00:00-03:00,4.03000020980835,0.48000025749206543,12.681883796492377,KLBN4.SA
128,2020-01-15 00:00:00-03:00,4.019999980926514,2020-01-22 00:00:00-03:00,4.309999942779541,0.28999996185302734,6.965599295316633,KLBN4.SA
129,2020-02-26 00:00:00-03:00,4.010000228881836,2020-03-04 00:00:00-03:00,4.380000114440918,0.36999988555908203,8.825745212017717,KLBN4.SA
130,2020-03-23 00:00:00-03:00,2.6700000762939453,2020-04-02 00:00:00-03:00,3.3399999141693115,0.6699998378753662,22.389228030412877,KLBN4.SA
131,2020-04-17 00:00:00-03:00,3.1500000953674316,2020-04-27 00:00:00-03:00,3.559999942779541,0.4099998474121094,12.235804567786,KLBN4.SA
132,2020-05-06 00:00:00-03:00,3.7300000190734863,2020-05-13 00:00:00-03:00,4.650000095367432,0.9200000762939453,22.045900133913044,KLBN4.SA
133,2020-05-26 00:00:00-03:00,3.7300000190734863,2020-06-04 00:00:00-03:00,3.950000047683716,0.2200000286102295,5.730735221559782,KLBN4.SA
134,2020-06-17 00:00:00-03:00,3.9100000858306885,2020-07-03 00:00:00-03:00,4.150000095367432,0.24000000953674316,5.957096127385373,KLBN4.SA
135,2020-07-13 00:00:00-03:00,3.990000009536743,2020-07-27 00:00:00-03:00,4.269999980926514,0.2799999713897705,6.782258948174119,KLBN4.SA
136,2020-07-31 00:00:00-03:00,4.099999904632568,2020-08-17 00:00:00-03:00,5.099999904632568,1.0,21.82535705808709,KLBN4.SA
137,2020-09-08 00:00:00-03:00,4.78000020980835,2020-09-15 00:00:00-03:00,5.03000020980835,0.25,5.09794354267246,KLBN4.SA
138,2020-10-02 00:00:00-03:00,4.730000019073486,2020-10-16 00:00:00-03:00,5.139999866485596,0.4099998474121094,8.312784695521726,KLBN4.SA
139,2020-11-10 00:00:00-03:00,4.659999847412109,2020-12-01 00:00:00-03:00,5.079999923706055,0.4200000762939453,8.629583117852583,KLBN4.SA
140,2020-12-09 00:00:00-03:00,4.730000019073486,2020-12-30 00:00:00-03:00,5.210000038146973,0.48000001907348633,9.665465655086011,KLBN4.SA
141,2021-01-04 00:00:00-03:00,5.139999866485596,2021-01-12 00:00:00-03:00,5.880000114440918,0.7400002479553223,13.450372788176807,KLBN4.SA
142,2021-02-09 00:00:00-03:00,5.440000057220459,2021-03-05 00:00:00-03:00,6.150000095367432,0.7100000381469727,12.267302593900792,KLBN4.SA
143,2021-03-31 00:00:00-03:00,5.480000019073486,2021-04-20 00:00:00-03:00,5.989999771118164,0.5099997520446777,8.898626947621285,KLBN4.SA
144,2021-05-14 00:00:00-03:00,5.260000228881836,2021-05-17 00:00:00-03:00,5.269999980926514,0.009999752044677734,0.189928867073894,KLBN4.SA
145,2021-06-17 00:00:00-03:00,4.889999866485596,2021-07-07 00:00:00-03:00,5.230000019073486,0.3400001525878906,6.721900554054856,KLBN4.SA
146,2021-07-30 00:00:00-03:00,4.679999828338623,2021-08-25 00:00:00-03:00,5.059999942779541,0.38000011444091797,7.806839874120973,KLBN4.SA
147,2021-09-21 00:00:00-03:00,4.25,2021-09-30 00:00:00-03:00,4.559999942779541,0.309999942779541,7.0403628041622826,KLBN4.SA
148,2021-10-21 00:00:00-03:00,4.199999809265137,2021-10-25 00:00:00-03:00,4.570000171661377,0.37000036239624023,8.442876259251836,KLBN4.SA
149,2021-11-09 00:00:00-03:00,4.210000038146973,2021-11-29 00:00:00-03:00,4.440000057220459,0.23000001907348633,5.319173257629537,KLBN4.SA
150,2021-11-30 00:00:00-03:00,4.440000057220459,2021-12-17 00:00:00-03:00,4.949999809265137,0.5099997520446777,10.87331487166785,KLBN4.SA
151,2022-01-11 00:00:00-03:00,4.789999961853027,2022-01-19 00:00:00-03:00,4.929999828338623,0.1399998664855957,2.8808549775899808,KLBN4.SA
152,2022-02-23 00:00:00-03:00,4.360000133514404,2022-03-18 00:00:00-03:00,5.039999961853027,0.679999828338623,14.493398653092118,KLBN4.SA
153,2022-04-07 00:00:00-03:00,4.440000057220459,2022-04-11 00:00:00-03:00,4.409999847412109,-0.03000020980834961,-0.6779734473298732,KLBN4.SA
154,2022-05-12 00:00:00-03:00,4.059999942779541,2022-06-01 00:00:00-03:00,4.400000095367432,0.3400001525878906,8.042160307869947,KLBN4.SA
155,2022-06-23 00:00:00-03:00,3.890000104904175,2022-07-07 00:00:00-03:00,3.9700000286102295,0.07999992370605469,2.035691730769726,KLBN4.SA
156,2022-07-28 00:00:00-03:00,3.8399999141693115,2022-08-17 00:00:00-03:00,4.119999885559082,0.2799999713897705,7.038079133661933,KLBN4.SA
157,2022-09-08 00:00:00-03:00,3.680000066757202,2022-09-12 00:00:00-03:00,3.799999952316284,0.11999988555908203,3.2088283862610374,KLBN4.SA
158,2022-09-30 00:00:00-03:00,3.640000104904175,2022-10-21 00:00:00-03:00,4.119999885559082,0.4799997806549072,12.386942511603568,KLBN4.SA
159,2022-10-24 00:00:00-03:00,4.190000057220459,2022-11-11 00:00:00-03:00,4.71999979019165,0.5299997329711914,11.910800755606113,KLBN4.SA
