Date,Close,Open,High,Low,Volume,Diferenca,Diferenca_percentual,Fechamento_minima,High-Low,ticker,Date,ForceIndex
2022-04-11 00:00:00-03:00,43.83000183105469,44.77999877929688,45.33000183105469,43.83000183105469,883103,-1.6399993896484375,-3.6067722577973456,0.0,1.5,MELI34.SA,2022-04-11 00:00:00-03:00,
2022-04-12 00:00:00-03:00,43.70000076293945,45.09000015258789,45.79999923706055,43.40999984741211,967785,-0.1300010681152343,-0.2966029264984513,0.2900009155273437,2.389999389648437,MELI34.SA,2022-04-12 00:00:00-03:00,
2022-04-13 00:00:00-03:00,44.310001373291016,43.70000076293945,44.79999923706055,43.31999969482422,732779,0.6100006103515625,1.395882379180378,0.9900016784667968,1.479999542236328,MELI34.SA,2022-04-13 00:00:00-03:00,
2022-04-14 00:00:00-03:00,41.459999084472656,44.470001220703125,44.63999938964844,41.459999084472656,1239367,-2.85000228881836,-6.4319616350458375,0.0,3.180000305175781,MELI34.SA,2022-04-14 00:00:00-03:00,
2022-04-18 00:00:00-03:00,41.650001525878906,41.459999084472656,41.95000076293945,40.34999847412109,628423,0.19000244140625,0.4582789329520409,1.3000030517578125,1.6000022888183594,MELI34.SA,2022-04-18 00:00:00-03:00,
2022-04-19 00:00:00-03:00,43.9900016784668,41.650001525878906,44.380001068115234,41.02999877929688,806744,2.34000015258789,5.618247459448355,2.960002899169922,3.35000228881836,MELI34.SA,2022-04-19 00:00:00-03:00,
2022-04-20 00:00:00-03:00,41.77000045776367,44.34000015258789,44.34000015258789,41.63999938964844,960564,-2.220001220703125,-5.046604082740515,0.1300010681152343,2.700000762939453,MELI34.SA,2022-04-20 00:00:00-03:00,
2022-04-22 00:00:00-03:00,39.25,40.0,40.560001373291016,39.0,1359687,-2.520000457763672,-6.0330390953952815,0.25,1.5600013732910156,MELI34.SA,2022-04-22 00:00:00-03:00,
2022-04-25 00:00:00-03:00,42.04999923706055,38.91999816894531,42.34999847412109,38.810001373291016,1595479,2.799999237060547,7.133756017988659,3.2399978637695312,3.539997100830078,MELI34.SA,2022-04-25 00:00:00-03:00,
2022-04-26 00:00:00-03:00,42.7400016784668,42.220001220703125,43.15999984741211,41.52999877929688,1256672,0.69000244140625,1.6409095218202054,1.210002899169922,1.6300010681152344,MELI34.SA,2022-04-26 00:00:00-03:00,
2022-04-27 00:00:00-03:00,42.20000076293945,42.7400016784668,44.400001525878906,41.959999084472656,1451507,-0.5400009155273438,-1.263455531868658,0.2400016784667968,2.44000244140625,MELI34.SA,2022-04-27 00:00:00-03:00,
2022-04-28 00:00:00-03:00,42.400001525878906,42.900001525878906,43.959999084472656,41.70000076293945,2225046,0.2000007629394531,0.4739354486341511,0.7000007629394531,2.259998321533203,MELI34.SA,2022-04-28 00:00:00-03:00,
2022-04-29 00:00:00-03:00,40.400001525878906,41.61000061035156,42.77000045776367,40.25,1367352,-2.0,-4.7169809623221255,0.1500015258789062,2.520000457763672,MELI34.SA,2022-04-29 00:00:00-03:00,
2022-05-02 00:00:00-03:00,42.20000076293945,40.45000076293945,42.20000076293945,40.13999938964844,1335222,1.7999992370605469,4.455443487811564,2.060001373291016,2.060001373291016,MELI34.SA,2022-05-02 00:00:00-03:00,
2022-05-03 00:00:00-03:00,40.95000076293945,42.18000030517578,43.08000183105469,40.68000030517578,1169672,-1.25,-2.9620852545049416,0.2700004577636719,2.4000015258789062,MELI34.SA,2022-05-03 00:00:00-03:00,
2022-05-04 00:00:00-03:00,42.0,41.34999847412109,42.0,38.540000915527344,1794002,1.0499992370605469,2.5641006532307955,3.459999084472656,3.459999084472656,MELI34.SA,2022-05-04 00:00:00-03:00,
2022-05-05 00:00:00-03:00,39.18999862670898,41.0099983215332,41.380001068115234,37.720001220703125,1831588,-2.810001373291016,-6.690479460216707,1.4699974060058594,3.659999847412109,MELI34.SA,2022-05-05 00:00:00-03:00,
2022-05-06 00:00:00-03:00,39.130001068115234,40.5099983215332,41.25,37.5099983215332,2905744,-0.05999755859375,-0.1530940563821872,1.6200027465820312,3.740001678466797,MELI34.SA,2022-05-06 00:00:00-03:00,
2022-05-09 00:00:00-03:00,33.0,38.5,38.5,32.900001525878906,3304232,-6.130001068115234,-15.665731921255215,0.0999984741210937,5.599998474121094,MELI34.SA,2022-05-09 00:00:00-03:00,
2022-05-10 00:00:00-03:00,33.349998474121094,35.0,35.70000076293945,32.91999816894531,2933730,0.3499984741210937,1.0606014367305932,0.4300003051757812,2.7800025939941406,MELI34.SA,2022-05-10 00:00:00-03:00,
2022-05-11 00:00:00-03:00,29.299999237060547,32.900001525878906,32.9900016784668,29.049999237060547,4040549,-4.049999237060547,-12.143926303934506,0.25,3.94000244140625,MELI34.SA,2022-05-11 00:00:00-03:00,
2022-05-12 00:00:00-03:00,30.780000686645508,28.549999237060547,31.700000762939453,27.670000076293945,4453897,1.480001449584961,5.051199618165725,3.1100006103515625,4.030000686645508,MELI34.SA,2022-05-12 00:00:00-03:00,-58123360.94708061
2022-05-13 00:00:00-03:00,33.060001373291016,31.989999771118164,34.02000045776367,31.649999618530277,2453060,2.280000686645508,7.40740947297877,1.4100017547607422,2.3700008392333984,MELI34.SA,2022-05-13 00:00:00-03:00,-26100556.902770996
2022-05-16 00:00:00-03:00,33.060001373291016,33.060001373291016,33.060001373291016,33.060001373291016,0,0.0,0.0,0.0,0.0,MELI34.SA,2022-05-16 00:00:00-03:00,-0.0
2022-05-17 00:00:00-03:00,34.20000076293945,33.52000045776367,34.290000915527344,33.29999923706055,2147099,1.1399993896484375,3.4482738726364204,0.9000015258789062,0.9900016784667968,MELI34.SA,2022-05-17 00:00:00-03:00,-15587935.136165619
2022-05-18 00:00:00-03:00,31.01000022888184,33.45000076293945,34.060001373291016,31.01000022888184,2465179,-3.190000534057617,-9.327486733609774,0.0,3.05000114440918,MELI34.SA,2022-05-18 00:00:00-03:00,-26229507.757329933
2022-05-19 00:00:00-03:00,32.900001525878906,30.690000534057617,33.58000183105469,30.3799991607666,1938514,1.8900012969970703,6.094812263937925,2.5200023651123047,3.200002670288086,MELI34.SA,2022-05-19 00:00:00-03:00,-21498120.555793762
2022-05-20 00:00:00-03:00,31.25,33.790000915527344,34.0,29.899999618530277,4873394,-1.6500015258789062,-5.015201973717311,1.3500003814697266,4.100000381469727,MELI34.SA,2022-05-20 00:00:00-03:00,-51268107.11086273
2022-05-23 00:00:00-03:00,30.8799991607666,31.440000534057617,31.770000457763672,29.489999771118164,2478251,-0.3700008392333984,-1.1840026855468722,1.3899993896484375,2.280000686645508,MELI34.SA,2022-05-23 00:00:00-03:00,-20742962.94983101
2022-05-24 00:00:00-03:00,28.309999465942383,30.51000022888184,30.51000022888184,27.739999771118164,4982725,-2.5699996948242188,-8.32253809802377,0.5699996948242188,2.770000457763672,MELI34.SA,2022-05-24 00:00:00-03:00,-68462640.35954475
2022-05-25 00:00:00-03:00,28.88999938964844,28.040000915527344,29.549999237060547,27.950000762939453,2223064,0.5799999237060547,2.048745795293314,0.9399986267089844,1.5999984741210938,MELI34.SA,2022-05-25 00:00:00-03:00,-30789441.48818969
2022-05-26 00:00:00-03:00,31.030000686645508,29.440000534057617,31.36000061035156,28.799999237060547,2927298,2.1400012969970703,7.407412053334454,2.230001449584961,2.560001373291016,MELI34.SA,2022-05-26 00:00:00-03:00,-32697918.883335114
2022-05-27 00:00:00-03:00,31.899999618530277,32.0,32.560001373291016,30.959999084472656,1407834,0.8699989318847656,2.8037348135128752,0.9400005340576172,1.6000022888183594,MELI34.SA,2022-05-27 00:00:00-03:00,-14782259.68523025
2022-05-30 00:00:00-03:00,31.899999618530277,31.979999542236328,32.400001525878906,31.26000022888184,580036,0.0,0.0,0.6399993896484375,1.1400012969970703,MELI34.SA,2022-05-30 00:00:00-03:00,-4930307.10633087
2022-05-31 00:00:00-03:00,30.959999084472656,31.71999931335449,32.099998474121094,30.13999938964844,2776634,-0.9400005340576172,-2.946710173349288,0.8199996948242188,1.959999084472656,MELI34.SA,2022-05-31 00:00:00-03:00,-31209370.820487976
2022-06-01 00:00:00-03:00,30.459999084472656,31.049999237060547,32.040000915527344,29.690000534057617,2904974,-0.5,-1.6149871278606156,0.7699985504150391,2.3500003814697266,MELI34.SA,2022-06-01 00:00:00-03:00,-30473182.135902405
2022-06-02 00:00:00-03:00,33.25,30.700000762939453,33.45000076293945,30.36000061035156,2158109,2.790000915527344,9.159556793780666,2.889999389648437,3.09000015258789,MELI34.SA,2022-06-02 00:00:00-03:00,-18883453.75
2022-06-03 00:00:00-03:00,31.3700008392334,33.0,33.099998474121094,31.31999969482422,1153677,-1.8799991607666016,-5.65413281433564,0.0500011444091796,1.779998779296875,MELI34.SA,2022-06-03 00:00:00-03:00,-9021751.587461464
2022-06-06 00:00:00-03:00,31.899999618530277,32.040000915527344,32.959999084472656,31.71999931335449,1813671,0.529998779296875,1.6895083363658188,0.1800003051757812,1.239999771118164,MELI34.SA,2022-06-06 00:00:00-03:00,-13112843.9590702
2022-06-07 00:00:00-03:00,33.29999923706055,31.799999237060547,34.130001068115234,31.6299991607666,2238899,1.3999996185302734,4.388713590194001,1.670000076293945,2.500001907348633,MELI34.SA,2022-06-07 00:00:00-03:00,671667.9918556213
2022-06-08 00:00:00-03:00,33.400001525878906,33.4900016784668,34.279998779296875,33.11000061035156,1659575,0.1000022888183593,0.3003071805090798,0.2900009155273437,1.1699981689453125,MELI34.SA,2022-06-08 00:00:00-03:00,82983.81462097168
2022-06-09 00:00:00-03:00,30.700000762939453,33.150001525878906,33.47999954223633,30.600000381469727,1552356,-2.700000762939453,-8.083834250269263,0.1000003814697265,2.8799991607666016,MELI34.SA,2022-06-09 00:00:00-03:00,2173300.7687072754
2022-06-10 00:00:00-03:00,28.56999969482422,29.88999938964844,30.540000915527344,28.56999969482422,1980668,-2.1300010681152344,-6.93811405596621,0.0,1.970001220703125,MELI34.SA,2022-06-10 00:00:00-03:00,-4377278.244468689
2022-06-13 00:00:00-03:00,26.530000686645508,27.690000534057617,28.06999969482422,26.350000381469727,3234413,-2.039999008178711,-7.140353622573826,0.1800003051757812,1.7199993133544922,MELI34.SA,2022-06-13 00:00:00-03:00,-21120719.110895157
2022-06-14 00:00:00-03:00,26.5,27.26000022888184,27.38999938964844,25.739999771118164,2416328,-0.0300006866455078,-0.1130821178629304,0.7600002288818359,1.6499996185302734,MELI34.SA,2022-06-14 00:00:00-03:00,-15851114.998321533
2022-06-15 00:00:00-03:00,28.3700008392334,26.96999931335449,28.71999931335449,26.700000762939453,3704285,1.8700008392333984,7.056606940503386,1.670000076293945,2.019998550415039,MELI34.SA,2022-06-15 00:00:00-03:00,-21595981.267385483
2022-06-17 00:00:00-03:00,27.200000762939453,26.979999542236328,27.670000076293945,26.31999969482422,1660166,-1.170000076293945,-4.12407487375161,0.8800010681152344,1.3500003814697266,MELI34.SA,2022-06-17 00:00:00-03:00,-6325231.5733757075
2022-06-20 00:00:00-03:00,26.43000030517578,27.100000381469727,27.3799991607666,26.200000762939453,473789,-0.7700004577636719,-2.830883956491689,0.2299995422363281,1.1799983978271484,MELI34.SA,2022-06-20 00:00:00-03:00,-3065415.408355713
2022-06-21 00:00:00-03:00,28.31999969482422,28.01000022888184,28.82999992370605,27.65999984741211,1202810,1.8899993896484373,7.15096242083024,0.6599998474121094,1.170000076293945,MELI34.SA,2022-06-21 00:00:00-03:00,-3524233.6670684814
2022-06-22 00:00:00-03:00,29.15999984741211,27.309999465942383,29.770000457763672,27.309999465942383,1446110,0.8400001525878906,2.966102265676966,1.8500003814697263,2.460000991821289,MELI34.SA,2022-06-22 00:00:00-03:00,-2487308.2070350647
2022-06-23 00:00:00-03:00,30.46999931335449,29.420000076293945,30.68000030517578,29.270000457763672,3055849,1.3099994659423828,4.492453610416064,1.1999988555908203,1.4099998474121094,MELI34.SA,2022-06-23 00:00:00-03:00,6600633.373714436
2022-06-24 00:00:00-03:00,32.02000045776367,30.96999931335449,32.5,30.850000381469727,3382879,1.5500011444091797,5.086974661433089,1.170000076293945,1.6499996185302734,MELI34.SA,2022-06-24 00:00:00-03:00,10588414.883304585
2022-06-27 00:00:00-03:00,31.0,32.70000076293945,32.77000045776367,30.989999771118164,3263561,-1.020000457763672,-3.185510440916815,0.0100002288818359,1.7800006866455078,MELI34.SA,2022-06-27 00:00:00-03:00,-97909.07090950012
2022-06-28 00:00:00-03:00,29.100000381469727,31.200000762939453,31.549999237060547,29.01000022888184,1251846,-1.8999996185302732,-6.129031027517016,0.0900001525878906,2.539999008178711,MELI34.SA,2022-06-28 00:00:00-03:00,-3505167.844917302
2022-06-29 00:00:00-03:00,28.399999618530277,28.899999618530277,29.229999542236328,27.850000381469727,1174749,-0.7000007629394531,-2.4055008720384734,0.5499992370605469,1.3799991607666016,MELI34.SA,2022-06-29 00:00:00-03:00,-4111621.5
2022-06-30 00:00:00-03:00,27.459999084472656,28.299999237060547,28.36000061035156,26.700000762939453,1431737,-0.9400005340576172,-3.309861079872306,0.7599983215332031,1.6599998474121094,MELI34.SA,2022-06-30 00:00:00-03:00,-5011079.5
2022-07-01 00:00:00-03:00,29.200000762939453,27.989999771118164,29.420000076293945,27.989999771118164,2327346,1.7400016784667969,6.336495762851953,1.210000991821289,1.4300003051757812,MELI34.SA,2022-07-01 00:00:00-03:00,-2932452.053627014
2022-07-04 00:00:00-03:00,27.899999618530277,29.200000762939453,29.63999938964844,27.899999618530277,178146,-1.3000011444091797,-4.452058597406392,0.0,1.739999771118164,MELI34.SA,2022-07-04 00:00:00-03:00,-953081.1679573053
2022-07-05 00:00:00-03:00,32.150001525878906,28.530000686645508,32.349998474121094,28.209999084472656,5466557,4.250001907348633,15.232981955046045,3.94000244140625,4.1399993896484375,MELI34.SA,2022-07-05 00:00:00-03:00,4263918.213586807
2022-07-06 00:00:00-03:00,31.68000030517578,32.150001525878906,32.880001068115234,31.65999984741211,933495,-0.470001220703125,-1.461901083658745,0.0200004577636718,1.220001220703125,MELI34.SA,2022-07-06 00:00:00-03:00,-205368.259019855
2022-07-07 00:00:00-03:00,31.920000076293945,32.0,32.310001373291016,31.38999938964844,942916,0.239999771118164,0.7575750277974436,0.5300006866455078,0.920001983642578,MELI34.SA,2022-07-07 00:00:00-03:00,-1301223.2886734009
2022-07-08 00:00:00-03:00,31.07999992370605,31.399999618530277,31.700000762939453,30.31999969482422,743908,-0.8400001525878906,-2.631579419110764,0.7600002288818359,1.3800010681152344,MELI34.SA,2022-07-08 00:00:00-03:00,-1725867.7518692042
2022-07-11 00:00:00-03:00,29.440000534057617,31.07999992370605,31.200000762939453,29.3700008392334,1316822,-1.6399993896484375,-5.276703325850207,0.0699996948242187,1.829999923706055,MELI34.SA,2022-07-11 00:00:00-03:00,-1659196.021396637
2022-07-12 00:00:00-03:00,29.799999237060547,29.799999237060547,30.549999237060547,29.1200008392334,792714,0.3599987030029297,1.222821659213167,0.6799983978271484,1.4299983978271484,MELI34.SA,2022-07-12 00:00:00-03:00,975037.8571243286
2022-07-13 00:00:00-03:00,29.649999618530277,28.709999084472656,29.770000457763672,27.84000015258789,1812475,-0.1499996185302734,-0.5033544374851147,1.8099994659423828,1.9300003051757808,MELI34.SA,2022-07-13 00:00:00-03:00,5654920.064067847
2022-07-14 00:00:00-03:00,29.459999084472656,29.149999618530277,30.040000915527344,28.82999992370605,496511,-0.1900005340576172,-0.6408112529582439,0.6299991607666016,1.210000991821289,MELI34.SA,2022-07-14 00:00:00-03:00,1469672.105430603
2022-07-15 00:00:00-03:00,31.21999931335449,29.600000381469727,31.46999931335449,29.600000381469727,1030783,1.760000228881836,5.974203270798711,1.6199989318847656,1.8699989318847656,MELI34.SA,2022-07-15 00:00:00-03:00,2937729.9771499597
2022-07-18 00:00:00-03:00,31.170000076293945,31.40999984741211,32.31999969482422,30.799999237060547,632581,-0.0499992370605468,-0.1601513073677694,0.3700008392333984,1.520000457763672,MELI34.SA,2022-07-18 00:00:00-03:00,2511346.135641098
2022-07-19 00:00:00-03:00,32.40999984741211,31.549999237060547,32.709999084472656,31.229999542236328,1730528,1.239999771118164,3.978183407388684,1.1800003051757812,1.479999542236328,MELI34.SA,2022-07-19 00:00:00-03:00,10348556.647827148
2022-07-20 00:00:00-03:00,35.29999923706055,32.40999984741211,35.63999938964844,32.130001068115234,1246388,2.889999389648437,8.916999084402036,3.1699981689453125,3.509998321533203,MELI34.SA,2022-07-20 00:00:00-03:00,8699787.669448853
2022-07-21 00:00:00-03:00,36.08000183105469,35.380001068115234,36.150001525878906,35.0,1028588,0.7800025939941406,2.209639124227621,1.0800018310546875,1.1500015258789062,MELI34.SA,2022-07-21 00:00:00-03:00,7117831.000350952
2022-07-22 00:00:00-03:00,34.79999923706055,36.0,36.220001220703125,34.29999923706055,1818329,-1.2800025939941406,-3.5476788498730656,0.5,1.920001983642578,MELI34.SA,2022-07-22 00:00:00-03:00,7873364.431272513
2022-07-25 00:00:00-03:00,33.95000076293945,34.97999954223633,34.97999954223633,33.779998779296875,1407432,-0.8499984741210938,-2.4425244044714844,0.1700019836425781,1.2000007629394531,MELI34.SA,2022-07-25 00:00:00-03:00,2716344.18951416
2022-07-26 00:00:00-03:00,32.2599983215332,33.439998626708984,33.689998626708984,32.2599983215332,1664633,-1.69000244140625,-4.977915768564856,0.0,1.4300003051757812,MELI34.SA,2022-07-26 00:00:00-03:00,2097434.7859687805
2022-07-27 00:00:00-03:00,34.52000045776367,32.91999816894531,34.70000076293945,32.58000183105469,724444,2.2600021362304688,7.005586651633337,1.9399986267089844,2.1199989318847656,MELI34.SA,2022-07-27 00:00:00-03:00,3926486.535270691
2022-07-28 00:00:00-03:00,35.25,34.5,35.25,33.470001220703125,2250630,0.7299995422363281,2.1147147524795287,1.779998779296875,1.779998779296875,MELI34.SA,2022-07-28 00:00:00-03:00,15416816.358547203
2022-07-29 00:00:00-03:00,35.06999969482422,35.119998931884766,35.68000030517578,34.2599983215332,786144,-0.1800003051757812,-0.5106391636192313,0.8100013732910156,1.420001983642578,MELI34.SA,2022-07-29 00:00:00-03:00,5982556.319824219
2022-08-01 00:00:00-03:00,34.810001373291016,35.0,35.70000076293945,34.0,918068,-0.2599983215332031,-0.7413696144730011,0.8100013732910156,1.7000007629394531,MELI34.SA,2022-08-01 00:00:00-03:00,5150362.040344238
2022-08-02 00:00:00-03:00,36.93999862670898,35.08000183105469,37.0,34.599998474121094,1254532,2.1299972534179688,6.118923209960769,2.34000015258789,2.4000015258789062,MELI34.SA,2022-08-02 00:00:00-03:00,11340968.035728442
2022-08-03 00:00:00-03:00,39.5099983215332,37.369998931884766,39.5099983215332,37.25,1340092,2.5699996948242188,6.95722736970005,2.259998321533203,2.259998321533203,MELI34.SA,2022-08-03 00:00:00-03:00,9863072.825881958
2022-08-04 00:00:00-03:00,44.900001525878906,43.29999923706055,47.310001373291016,42.900001525878906,2901801,5.390003204345703,13.642124609780396,2.0,4.409999847412109,MELI34.SA,2022-08-04 00:00:00-03:00,38361812.76223755
2022-08-05 00:00:00-03:00,44.18000030517578,44.45000076293945,46.04999923706055,43.380001068115234,2733089,-0.720001220703125,-1.6035661386072348,0.7999992370605469,2.6699981689453125,MELI34.SA,2022-08-05 00:00:00-03:00,33507671.765554428
2022-08-08 00:00:00-03:00,43.470001220703125,44.25,45.68999862670898,43.27000045776367,1261377,-0.7099990844726562,-1.6070599356457649,0.2000007629394531,2.4199981689453125,MELI34.SA,2022-08-08 00:00:00-03:00,15628462.666002277
2022-08-09 00:00:00-03:00,42.400001525878906,43.40999984741211,43.540000915527344,41.54999923706055,1090043,-1.0699996948242188,-2.4614669076996023,0.8500022888183594,1.9900016784667969,MELI34.SA,2022-08-09 00:00:00-03:00,14126958.361127853
2022-08-10 00:00:00-03:00,45.150001525878906,44.0,45.25,43.83000183105469,1235701,2.75,6.485848823192924,1.3199996948242188,1.4199981689453125,MELI34.SA,2022-08-10 00:00:00-03:00,18968013.178295135
2022-08-11 00:00:00-03:00,44.70000076293945,45.5,46.29999923706055,43.95000076293945,806045,-0.4500007629394531,-0.9966793969686164,0.75,2.3499984741210938,MELI34.SA,2022-08-11 00:00:00-03:00,12130978.172445294
2022-08-12 00:00:00-03:00,45.310001373291016,44.880001068115234,45.59000015258789,44.380001068115234,615637,0.6100006103515625,1.3646545859956944,0.9300003051757812,1.2099990844726562,MELI34.SA,2022-08-12 00:00:00-03:00,9757847.859081268
2022-08-15 00:00:00-03:00,45.70000076293945,45.77000045776367,46.369998931884766,45.33000183105469,906150,0.3899993896484375,0.8607357709733634,0.3699989318847656,1.039997100830078,MELI34.SA,2022-08-15 00:00:00-03:00,13121053.313541416
2022-08-16 00:00:00-03:00,45.34999847412109,46.11000061035156,46.380001068115234,44.58000183105469,600624,-0.3500022888183594,-0.7658693281733946,0.7699966430664062,1.7999992370605469,MELI34.SA,2022-08-16 00:00:00-03:00,8516847.35769653
2022-08-17 00:00:00-03:00,42.66999816894531,44.9900016784668,45.09999847412109,42.59999847412109,1527993,-2.680000305175781,-5.909592933514915,0.0699996948242187,2.5,MELI34.SA,2022-08-17 00:00:00-03:00,15677205.615314484
2022-08-18 00:00:00-03:00,42.09999847412109,43.0,43.369998931884766,42.09999847412109,748923,-0.5699996948242188,-1.3358324801594677,0.0,1.270000457763672,MELI34.SA,2022-08-18 00:00:00-03:00,5092675.82861709
2022-08-19 00:00:00-03:00,39.27000045776367,41.4900016784668,41.79999923706055,39.130001068115234,910724,-2.829998016357422,-6.722085793178891,0.1399993896484375,2.6699981689453125,MELI34.SA,2022-08-19 00:00:00-03:00,2905208.309310913
2022-08-22 00:00:00-03:00,37.68999862670898,38.0,38.63999938964844,37.25,839811,-1.5800018310546875,-4.023432168670425,0.4399986267089844,1.3899993896484375,MELI34.SA,2022-08-22 00:00:00-03:00,2427053.277420038
2022-08-23 00:00:00-03:00,37.61000061035156,38.060001373291016,38.540000915527344,37.310001373291016,1342655,-0.0799980163574218,-0.2122526380267118,0.2999992370605469,1.229999542236328,MELI34.SA,2022-08-23 00:00:00-03:00,4914117.095127106
2022-08-24 00:00:00-03:00,38.29999923706055,37.84999847412109,38.95000076293945,37.470001220703125,985658,0.6899986267089844,1.8346147713676828,0.8299980163574219,1.479999542236328,MELI34.SA,2022-08-24 00:00:00-03:00,5953375.222396851
2022-08-25 00:00:00-03:00,39.09000015258789,38.81999969482422,39.2400016784668,38.33000183105469,740407,0.7900009155273438,2.0626656168778936,0.7599983215332031,0.9099998474121094,MELI34.SA,2022-08-25 00:00:00-03:00,3383659.7640457153
2022-08-26 00:00:00-03:00,37.41999816894531,38.63999938964844,39.59999847412109,37.22999954223633,904218,-1.670001983642578,-4.272197434442887,0.1899986267089843,2.3699989318847656,MELI34.SA,2022-08-26 00:00:00-03:00,1962151.4043273926
2022-08-29 00:00:00-03:00,36.619998931884766,36.400001525878906,37.65999984741211,36.06999969482422,859639,-0.7999992370605469,-2.1378922399960487,0.5499992370605469,1.5900001525878906,MELI34.SA,2022-08-29 00:00:00-03:00,1332439.7941474915
2022-08-30 00:00:00-03:00,36.41999816894531,37.20000076293945,38.0,36.130001068115234,1310815,-0.2000007629394531,-0.5461517443281849,0.2899971008300781,1.8699989318847656,MELI34.SA,2022-08-30 00:00:00-03:00,2110407.949695587
2022-08-31 00:00:00-03:00,37.13999938964844,37.27999877929688,38.29999923706055,36.88999938964844,1933957,0.720001220703125,1.9769392007192863,0.25,1.4099998474121094,MELI34.SA,2022-08-31 00:00:00-03:00,386792.8754921097
2022-09-01 00:00:00-03:00,37.630001068115234,36.86000061035156,37.630001068115234,34.459999084472656,1479254,0.4900016784667969,1.3193367973058372,3.170001983642578,3.170001983642578,MELI34.SA,2022-09-01 00:00:00-03:00,-2780993.457107544
2022-09-02 00:00:00-03:00,37.18000030517578,37.650001525878906,38.18999862670898,36.65999984741211,952580,-0.4500007629394531,-1.195856365044719,0.5200004577636719,1.529998779296875,MELI34.SA,2022-09-02 00:00:00-03:00,-7353918.762817383
2022-09-05 00:00:00-03:00,37.59999847412109,37.16999816894531,38.13999938964844,36.95000076293945,239368,0.4199981689453125,1.129634657068152,0.6499977111816406,1.1899986267089844,MELI34.SA,2022-09-05 00:00:00-03:00,-1575041.8782959
2022-09-06 00:00:00-03:00,38.13999938964844,37.63999938964844,38.13999938964844,36.310001373291016,4135080,0.5400009155273438,1.4361727059617095,1.8299980163574217,1.8299980163574217,MELI34.SA,2022-09-06 00:00:00-03:00,-22039983.971557617
2022-09-08 00:00:00-03:00,40.2400016784668,38.25,40.43999862670898,37.52000045776367,3270030,2.10000228881836,5.506036503472828,2.720001220703125,2.9199981689453125,MELI34.SA,2022-09-08 00:00:00-03:00,-7063264.30103302
2022-09-09 00:00:00-03:00,41.84000015258789,40.4900016784668,41.88999938964844,40.400001525878906,833247,1.5999984741210938,3.976139183357148,1.4399986267089844,1.4899978637695312,MELI34.SA,2022-09-09 00:00:00-03:00,-2758048.714290619
2022-09-12 00:00:00-03:00,42.4900016784668,41.7400016784668,43.16999816894531,41.59999847412109,1226883,0.6500015258789062,1.5535409261672868,0.8900032043457031,1.5699996948242188,MELI34.SA,2022-09-12 00:00:00-03:00,-2711410.306755066
2022-09-13 00:00:00-03:00,41.16999816894531,41.310001373291016,41.650001525878906,40.4900016784668,2216756,-1.3200035095214844,-3.106621457702701,0.6799964904785156,1.1599998474121094,MELI34.SA,2022-09-13 00:00:00-03:00,-9177376.943252563
2022-09-14 00:00:00-03:00,41.18999862670898,40.79999923706055,41.959999084472656,40.16999816894531,600007,0.0200004577636718,0.0485801764712192,1.020000457763672,1.7900009155273438,MELI34.SA,2022-09-14 00:00:00-03:00,-2706032.851753239
2022-09-15 00:00:00-03:00,42.34999847412109,41.25,42.59999847412109,40.93999862670898,626749,1.1599998474121094,2.816217251971281,1.4099998474121094,1.6599998474121094,MELI34.SA,2022-09-15 00:00:00-03:00,-1880247.0
2022-09-16 00:00:00-03:00,40.47999954223633,41.709999084472656,41.709999084472656,39.900001525878906,965327,-1.8699989318847656,-4.415582052564815,0.5799980163574219,1.80999755859375,MELI34.SA,2022-09-16 00:00:00-03:00,-2114064.8043251038
2022-09-19 00:00:00-03:00,40.09999847412109,40.060001373291016,40.36000061035156,39.34999847412109,791497,-0.3800010681152344,-0.9387378271058112,0.75,1.0100021362304688,MELI34.SA,2022-09-19 00:00:00-03:00,-1582994.0
2022-09-20 00:00:00-03:00,39.0,39.970001220703125,40.11000061035156,38.869998931884766,518560,-1.0999984741210938,-2.7431384438355764,0.1300010681152343,1.2400016784667969,MELI34.SA,2022-09-20 00:00:00-03:00,-140011.4373779297
2022-09-21 00:00:00-03:00,38.41999816894531,39.0,39.790000915527344,38.34999847412109,1164301,-0.5800018310546875,-1.4871841821915126,0.0699996948242187,1.44000244140625,MELI34.SA,2022-09-21 00:00:00-03:00,849939.1970253073
2022-09-22 00:00:00-03:00,36.790000915527344,38.400001525878906,38.400001525878906,36.34999847412109,2491246,-1.6299972534179688,-4.242575041910044,0.44000244140625,2.0500030517578125,MELI34.SA,2022-09-22 00:00:00-03:00,-2042820.9597320557
2022-09-23 00:00:00-03:00,36.0,36.09000015258789,36.650001525878906,35.5099983215332,2113887,-0.7900009155273438,-2.1473250771078938,0.4900016784667969,1.1400032043457031,MELI34.SA,2022-09-23 00:00:00-03:00,-4861938.487232208
2022-09-26 00:00:00-03:00,35.880001068115234,35.90999984741211,37.06999969482422,35.880001068115234,1365191,-0.1199989318847656,-0.3333303663465727,0.0,1.1899986267089844,MELI34.SA,2022-09-26 00:00:00-03:00,-4382261.86013031
2022-09-27 00:00:00-03:00,36.18999862670898,36.459999084472656,36.88999938964844,35.439998626708984,1539746,0.30999755859375,0.8639842512971114,0.75,1.4500007629394531,MELI34.SA,2022-09-27 00:00:00-03:00,-1893886.8751602282
2022-09-28 00:00:00-03:00,38.84999847412109,36.16999816894531,38.84999847412109,35.77000045776367,1103023,2.6599998474121094,7.350096569080762,3.079998016357422,3.079998016357422,MELI34.SA,2022-09-28 00:00:00-03:00,2459740.7850761334
2022-09-29 00:00:00-03:00,37.150001525878906,38.0,38.13999938964844,36.93999862670898,848870,-1.6999969482421875,-4.37579669243641,0.2100028991699218,1.2000007629394531,MELI34.SA,2022-09-29 00:00:00-03:00,619677.9496002197
2022-09-30 00:00:00-03:00,37.41999816894531,37.33000183105469,38.650001525878906,36.720001220703125,818763,0.2699966430664062,0.7267742448902084,0.6999969482421875,1.9300003051757808,MELI34.SA,2022-09-30 00:00:00-03:00,229252.64053344727
2022-10-03 00:00:00-03:00,38.09999847412109,37.41999816894531,38.56999969482422,36.33000183105469,1448154,0.6800003051757812,1.817210952565233,1.7699966430664062,2.2399978637695312,MELI34.SA,2022-10-03 00:00:00-03:00,680628.623496999
2022-10-04 00:00:00-03:00,40.5099983215332,38.79999923706055,40.93999862670898,38.79999923706055,1002860,2.4099998474121094,6.325459170422462,1.7099990844726562,2.139999389648437,MELI34.SA,2022-10-04 00:00:00-03:00,3339521.810684204
2022-10-05 00:00:00-03:00,40.09999847412109,40.5,40.66999816894531,39.59999847412109,563356,-0.4099998474121094,-1.0120954440873788,0.5,1.0699996948242188,MELI34.SA,2022-10-05 00:00:00-03:00,1408390.0
2022-10-06 00:00:00-03:00,40.29999923706055,40.20000076293945,41.5,40.06999969482422,609468,0.2000007629394531,0.4987550387776878,0.2299995422363281,1.4300003051757812,MELI34.SA,2022-10-06 00:00:00-03:00,1316450.7870025635
2022-10-07 00:00:00-03:00,38.2599983215332,39.70000076293945,39.70000076293945,38.08000183105469,906065,-2.040000915527344,-5.062037107066061,0.1799964904785156,1.6199989318847656,MELI34.SA,2022-10-07 00:00:00-03:00,-1794011.7416000366
2022-10-10 00:00:00-03:00,37.9900016784668,38.27000045776367,38.59000015258789,37.06999969482422,787183,-0.2699966430664062,-0.7056891137249437,0.920001983642578,1.520000457763672,MELI34.SA,2022-10-10 00:00:00-03:00,-3030653.348854065
2022-10-11 00:00:00-03:00,36.29999923706055,37.84999847412109,37.84999847412109,35.630001068115234,1271478,-1.69000244140625,-4.4485453191337,0.6699981689453125,2.21999740600586,MELI34.SA,2022-10-11 00:00:00-03:00,-7870451.924194336
2022-10-13 00:00:00-03:00,36.02000045776367,35.290000915527344,36.58000183105469,33.9900016784668,2084606,-0.279998779296875,-0.7713465156522972,2.029998779296875,2.59000015258789,MELI34.SA,2022-10-13 00:00:00-03:00,-10735716.128715515
2022-10-14 00:00:00-03:00,33.790000915527344,36.77999877929688,37.150001525878906,33.66999816894531,1863640,-2.229999542236328,-6.191003647685065,0.1200027465820312,3.4800033569335938,MELI34.SA,2022-10-14 00:00:00-03:00,-13790931.73446654
2022-10-17 00:00:00-03:00,37.43999862670898,34.22999954223633,37.560001373291016,34.22999954223633,1412278,3.6499977111816406,10.802005363380673,3.209999084472656,3.3300018310546875,MELI34.SA,2022-10-17 00:00:00-03:00,-6934284.764503479
2022-10-18 00:00:00-03:00,37.58000183105469,38.79999923706055,39.84000015258789,36.959999084472656,1171069,0.1400032043457031,0.3739401962633337,0.6200027465820312,2.8800010681152344,MELI34.SA,2022-10-18 00:00:00-03:00,-3396097.4196357727
2022-10-19 00:00:00-03:00,35.79999923706055,36.84999847412109,37.18999862670898,35.38999938964844,942754,-1.7800025939941406,-4.736568672871144,0.4099998474121094,1.7999992370605469,MELI34.SA,2022-10-19 00:00:00-03:00,-4053841.4807357723
2022-10-20 00:00:00-03:00,35.91999816894531,35.470001220703125,36.959999084472656,35.13999938964844,846385,0.1199989318847656,0.3351925543074969,0.779998779296875,1.8199996948242188,MELI34.SA,2022-10-20 00:00:00-03:00,-2606867.3497772217
2022-10-21 00:00:00-03:00,36.400001525878906,35.099998474121094,36.400001525878906,34.720001220703125,2540206,0.4800033569335937,1.3363123090261837,1.6800003051757812,1.6800003051757812,MELI34.SA,2022-10-21 00:00:00-03:00,-5131207.592697144
2022-10-24 00:00:00-03:00,36.34000015258789,36.95000076293945,37.290000915527344,35.0,779342,-0.0600013732910156,-0.1648389307026718,1.3400001525878906,2.290000915527344,MELI34.SA,2022-10-24 00:00:00-03:00,-350704.4945907593
2022-10-25 00:00:00-03:00,38.34000015258789,36.34000015258789,38.83000183105469,36.34000015258789,4109688,2.0,5.503577302152465,2.0,2.490001678466797,MELI34.SA,2022-10-25 00:00:00-03:00,9616670.547088623
2022-10-26 00:00:00-03:00,37.25,37.400001525878906,39.06999969482422,37.0,2616645,-1.0900001525878906,-2.8429842155707945,0.25,2.0699996948242188,MELI34.SA,2022-10-26 00:00:00-03:00,3584800.8551216125
2022-10-27 00:00:00-03:00,36.65999984741211,37.79999923706055,37.95000076293945,36.65999984741211,582630,-0.5900001525878906,-1.5838930270815863,0.0,1.2900009155273438,MELI34.SA,2022-10-27 00:00:00-03:00,273836.81121826585
2022-10-28 00:00:00-03:00,39.0,36.40999984741211,39.150001525878906,36.33000183105469,2544822,2.34000015258789,6.38297916619625,2.6699981689453125,2.8199996948242188,MELI34.SA,2022-10-28 00:00:00-03:00,381727.18309022806
2022-10-31 00:00:00-03:00,38.58000183105469,38.119998931884766,39.150001525878906,37.5,822896,-0.4199981689453125,-1.0769183819110566,1.0800018310546875,1.6500015258789062,MELI34.SA,2022-10-31 00:00:00-03:00,1176741.5311279297
2022-11-01 00:00:00-03:00,39.400001525878906,39.650001525878906,40.68999862670898,38.84000015258789,894977,0.8199996948242188,2.125452711005749,0.5600013732910156,1.8499984741210935,MELI34.SA,2022-11-01 00:00:00-03:00,1772057.464378357
2022-11-03 00:00:00-03:00,38.0,36.880001068115234,38.95000076293945,36.20000076293945,2363449,-1.4000015258789062,-3.553303227562949,1.7999992370605469,2.75,MELI34.SA,2022-11-03 00:00:00-03:00,-236341.2936630081
2022-11-04 00:00:00-03:00,39.400001525878906,39.310001373291016,42.720001220703125,38.59999847412109,3006700,1.4000015258789062,3.684214541786602,0.8000030517578125,4.120002746582031,MELI34.SA,2022-11-04 00:00:00-03:00,-3337427.3654937744
2022-11-07 00:00:00-03:00,40.310001373291016,39.900001525878906,41.09999847412109,39.66999816894531,1726692,0.9099998474121094,2.309644193324204,0.6400032043457031,1.4300003051757812,MELI34.SA,2022-11-07 00:00:00-03:00,362610.325973523
2022-11-08 00:00:00-03:00,40.43999862670898,40.52000045776367,41.150001525878906,39.2400016784668,1130935,0.1299972534179687,0.3224937955574063,1.1999969482421875,1.9099998474121092,MELI34.SA,2022-11-08 00:00:00-03:00,158330.20973204763
2022-11-09 00:00:00-03:00,38.63999938964844,40.060001373291016,40.25,38.630001068115234,779592,-1.7999992370605469,-4.451036840223139,0.0099983215332031,1.6199989318847656,MELI34.SA,2022-11-09 00:00:00-03:00,296245.7926940918
2022-11-10 00:00:00-03:00,42.119998931884766,39.29999923706055,43.220001220703125,38.900001525878906,6805730,3.479999542236328,9.006210137696357,3.21999740600586,4.319999694824219,MELI34.SA,2022-11-10 00:00:00-03:00,28107646.207504272
2022-11-11 00:00:00-03:00,42.95000076293945,42.4900016784668,43.47999954223633,41.18000030517578,6085492,0.8300018310546875,1.9705647010982688,1.770000457763672,2.299999237060547,MELI34.SA,2022-11-11 00:00:00-03:00,40468531.08572388
2022-11-14 00:00:00-03:00,42.5,42.70000076293945,43.560001373291016,42.36000061035156,766748,-0.4500007629394531,-1.0477316762418951,0.1399993896484375,1.2000007629394531,MELI34.SA,2022-11-14 00:00:00-03:00,4968526.68901062
2022-11-16 00:00:00-03:00,43.59999847412109,44.70000076293945,44.91999816894531,43.18000030517578,2517314,1.0999984741210938,2.588231703814344,0.4199981689453125,1.7399978637695312,MELI34.SA,2022-11-16 00:00:00-03:00,24694844.19421385
2022-11-17 00:00:00-03:00,41.43999862670898,43.59999847412109,43.66999816894531,41.18000030517578,3008464,-2.1599998474121094,-4.954128263775473,0.2599983215332031,2.4899978637695312,MELI34.SA,2022-11-17 00:00:00-03:00,12033856.0
2022-11-18 00:00:00-03:00,43.18999862670898,41.61000061035156,43.20000076293945,41.61000061035156,684060,1.75,4.222973112919192,1.579998016357422,1.5900001525878906,MELI34.SA,2022-11-18 00:00:00-03:00,3837574.4080352737
2022-11-21 00:00:00-03:00,42.68999862670898,42.400001525878906,42.70000076293945,41.77999877929688,496879,-0.5,-1.157675424631293,0.9099998474121094,0.920001983642578,MELI34.SA,2022-11-21 00:00:00-03:00,3423496.0067291223
2022-11-22 00:00:00-03:00,42.84999847412109,42.70000076293945,43.2599983215332,40.790000915527344,562733,0.1599998474121093,0.3747946885901427,2.05999755859375,2.46999740600586,MELI34.SA,2022-11-22 00:00:00-03:00,3899739.8617324787
2022-11-23 00:00:00-03:00,42.369998931884766,42.84999847412109,43.720001220703125,42.34999847412109,1823630,-0.4799995422363281,-1.1201856693792394,0.0200004577636718,1.3700027465820312,MELI34.SA,2022-11-23 00:00:00-03:00,10887066.369514465
2022-11-24 00:00:00-03:00,43.25,42.400001525878906,43.650001525878906,42.400001525878906,145390,0.8800010681152344,2.0769438052853104,0.8499984741210938,1.25,MELI34.SA,2022-11-24 00:00:00-03:00,1004644.8778152466
2022-11-25 00:00:00-03:00,42.27000045776367,42.70000076293945,43.0,42.25,358934,-0.979999542236328,-2.2658948953441183,0.0200004577636718,0.75,MELI34.SA,2022-11-25 00:00:00-03:00,1410610.7295379639
2022-11-28 00:00:00-03:00,41.150001525878906,42.27000045776367,42.91999816894531,41.150001525878906,1391313,-1.1199989318847656,-2.6496307540944315,0.0,1.7699966430664062,MELI34.SA,2022-11-28 00:00:00-03:00,5426122.822975159
2022-11-29 00:00:00-03:00,39.40999984741211,41.150001525878906,41.2400016784668,38.84999847412109,767642,-1.7400016784667969,-4.228436485895443,0.5600013732910156,2.390003204345703,MELI34.SA,2022-11-29 00:00:00-03:00,2111015.5
2022-11-30 00:00:00-03:00,40.08000183105469,39.68999862670898,40.08000183105469,38.5099983215332,1272071,0.6700019836425781,1.700081162742194,1.5700035095214844,1.5700035095214844,MELI34.SA,2022-11-30 00:00:00-03:00,1373839.0092315674
2022-12-01 00:00:00-03:00,40.310001373291016,40.08000183105469,41.09999847412109,39.900001525878906,842961,0.2299995422363281,0.5738511270678686,0.4099998474121094,1.1999969482421875,MELI34.SA,2022-12-01 00:00:00-03:00,1458322.1441230774
2022-12-02 00:00:00-03:00,41.2400016784668,40.630001068115234,41.540000915527344,39.18000030517578,946367,0.9300003051757812,2.3071204998568646,2.060001373291016,2.3600006103515625,MELI34.SA,2022-12-02 00:00:00-03:00,1741315.4244041443
2022-12-05 00:00:00-03:00,38.47999954223633,41.2400016784668,41.2400016784668,38.47999954223633,1208751,-2.7600021362304688,-6.692536430403649,0.0,2.7600021362304688,MELI34.SA,2022-12-05 00:00:00-03:00,580199.9266777039
2022-12-06 00:00:00-03:00,37.459999084472656,38.900001525878906,38.93999862670898,37.09999847412109,556862,-1.020000457763672,-2.6507288718756428,0.3600006103515625,1.8400001525878904,MELI34.SA,2022-12-06 00:00:00-03:00,-1080313.6395263672
2022-12-07 00:00:00-03:00,37.5,37.34999847412109,38.25,36.63999938964844,706714,0.0400009155273437,0.1067830125599869,0.8600006103515625,1.6100006103515625,MELI34.SA,2022-12-07 00:00:00-03:00,-1985867.3105239868
2022-12-08 00:00:00-03:00,38.2599983215332,37.97999954223633,39.11000061035156,37.54999923706055,533592,0.7599983215332031,2.026662190755204,0.7099990844726562,1.5600013732910156,MELI34.SA,2022-12-08 00:00:00-03:00,-1163230.7228393517
